ticker,cell_count,first_month,last_month,months
ADEL,3,2024-10,2024-12,2024-10|2024-11|2024-12
AEFES,35,2023-09,2026-07,2023-09|2023-10|2023-11|2023-12|2024-01|2024-02|2024-03|2024-04|2024-05|2024-06|2024-07|2024-08|2024-09|2024-10|2024-11|2024-12|2025-01|2025-02|2025-03|2025-04|2025-05|2025-06|2025-07|2025-08|2025-09|2025-10|2025-11|2025-12|2026-01|2026-02|2026-03|2026-04|2026-05|2026-06|2026-07
AGHOL,54,2021-10,2026-06,2021-10|2021-11|2021-12|2022-01|2022-02|2022-03|2022-04|2022-05|2022-06|2022-07|2022-08|2022-09|2022-10|2022-11|2022-12|2023-01|2023-02|2023-03|2023-04|2023-05|2023-06|2023-07|2023-08|2023-09|2023-10|2023-11|2023-12|2024-01|2024-02|2024-03|2024-07|2024-08|2024-09|2024-10|2024-11|2024-12|2025-01|2025-02|2025-03|2025-04|2025-05|2025-06|2025-07|2025-08|2025-09|2025-10|2025-11|2025-12|2026-01|2026-02|2026-03|2026-04|2026-05|2026-06
AGROT,15,2024-04,2025-06,2024-04|2024-05|2024-06|2024-07|2024-08|2024-09|2024-10|2024-11|2024-12|2025-01|2025-02|2025-03|2025-04|2025-05|2025-06
AHGAZ,13,2023-07,2025-06,2023-07|2023-08|2023-09|2023-10|2023-11|2023-12|2024-01|2024-02|2024-03|2024-04|2025-04|2025-05|2025-06
AKFYE,15,2023-10,2025-03,2023-10|2023-11|2023-12|2024-01|2024-02|2024-03|2024-04|2024-08|2024-09|2024-10|2024-11|2024-12|2025-01|2025-02|2025-03
AKSEN,32,2023-09,2026-07,2023-09|2023-10|2023-11|2023-12|2024-01|2024-02|2024-03|2024-04|2024-08|2024-09|2024-10|2024-11|2024-12|2025-01|2025-02|2025-03|2025-04|2025-05|2025-06|2025-07|2025-08|2025-09|2025-10|2025-11|2025-12|2026-01|2026-02|2026-03|2026-04|2026-05|2026-06|2026-07
ALARK,57,2021-08,2026-07,2021-08|2021-09|2021-10|2021-11|2021-12|2022-01|2022-02|2022-03|2022-04|2022-05|2022-06|2022-07|2022-08|2022-09|2022-10|2022-11|2022-12|2023-01|2023-02|2023-03|2023-04|2023-05|2023-06|2023-07|2023-08|2023-09|2023-10|2023-11|2023-12|2024-01|2024-02|2024-03|2024-04|2024-08|2024-09|2024-10|2024-11|2024-12|2025-01|2025-02|2025-03|2025-04|2025-05|2025-06|2025-07|2025-08|2025-09|2025-10|2025-11|2025-12|2026-01|2026-02|2026-03|2026-04|2026-05|2026-06|2026-07
ALFAS,8,2023-04,2023-11,2023-04|2023-05|2023-06|2023-07|2023-08|2023-09|2023-10|2023-11
ALGYO,2,2022-04,2022-05,2022-04|2022-05
ALTNY,22,2024-10,2026-07,2024-10|2024-11|2024-12|2025-01|2025-02|2025-03|2025-04|2025-05|2025-06|2025-07|2025-08|2025-09|2025-10|2025-11|2025-12|2026-01|2026-02|2026-03|2026-04|2026-05|2026-06|2026-07
ARASE,3,2022-04,2022-06,2022-04|2022-05|2022-06
ARCLK,33,2023-08,2026-07,2023-08|2023-09|2023-10|2023-11|2023-12|2024-01|2024-02|2024-03|2024-04|2024-08|2024-09|2024-10|2024-11|2024-12|2025-01|2025-02|2025-03|2025-04|2025-05|2025-06|2025-07|2025-08|2025-09|2025-10|2025-11|2025-12|2026-01|2026-02|2026-03|2026-04|2026-05|2026-06|2026-07
ARDYZ,7,2024-12,2025-06,2024-12|2025-01|2025-02|2025-03|2025-04|2025-05|2025-06
ASELS,32,2023-09,2026-07,2023-09|2023-10|2023-11|2023-12|2024-01|2024-02|2024-03|2024-04|2024-08|2024-09|2024-10|2024-11|2024-12|2025-01|2025-02|2025-03|2025-04|2025-05|2025-06|2025-07|2025-08|2025-09|2025-10|2025-11|2025-12|2026-01|2026-02|2026-03|2026-04|2026-05|2026-06|2026-07
ASTOR,23,2023-07,2025-08,2023-07|2023-08|2023-09|2023-10|2023-11|2023-12|2024-01|2024-02|2024-03|2024-04|2024-08|2024-09|2024-10|2024-11|2024-12|2025-01|2025-02|2025-03|2025-04|2025-05|2025-06|2025-07|2025-08
ASUZU,1,2023-09,2023-09,2023-09
AYDEM,24,2021-10,2023-09,2021-10|2021-11|2021-12|2022-01|2022-02|2022-03|2022-04|2022-05|2022-06|2022-07|2022-08|2022-09|2022-10|2022-11|2022-12|2023-01|2023-02|2023-03|2023-04|2023-05|2023-06|2023-07|2023-08|2023-09
BAGFS,1,2023-09,2023-09,2023-09
BALSU,5,2026-03,2026-07,2026-03|2026-04|2026-05|2026-06|2026-07
BASGZ,11,2022-04,2023-02,2022-04|2022-05|2022-06|2022-07|2022-08|2022-09|2022-10|2022-11|2022-12|2023-01|2023-02
BERA,48,2021-08,2026-07,2021-08|2021-09|2021-10|2021-11|2021-12|2022-01|2022-02|2022-03|2022-04|2022-05|2022-06|2022-07|2022-08|2022-09|2022-10|2022-11|2022-12|2023-01|2023-02|2023-03|2023-04|2023-05|2023-06|2023-07|2023-08|2023-09|2023-10|2023-11|2023-12|2024-01|2024-02|2024-03|2024-04|2024-08|2024-09|2024-10|2024-11|2024-12|2025-01|2025-02|2025-03|2025-04|2025-05|2025-06|2025-07|2025-08|2025-09|2026-07
BFREN,3,2024-04,2024-09,2024-04|2024-08|2024-09
BIENY,7,2023-10,2024-04,2023-10|2023-11|2023-12|2024-01|2024-02|2024-03|2024-04
BIMAS,35,2023-09,2026-07,2023-09|2023-10|2023-11|2023-12|2024-01|2024-02|2024-03|2024-04|2024-05|2024-06|2024-07|2024-08|2024-09|2024-10|2024-11|2024-12|2025-01|2025-02|2025-03|2025-04|2025-05|2025-06|2025-07|2025-08|2025-09|2025-10|2025-11|2025-12|2026-01|2026-02|2026-03|2026-04|2026-05|2026-06|2026-07
BINHO,12,2024-07,2025-12,2024-07|2024-08|2024-09|2024-10|2024-11|2024-12|2025-07|2025-08|2025-09|2025-10|2025-11|2025-12
BIOEN,24,2021-10,2024-06,2021-10|2021-11|2021-12|2022-01|2022-02|2022-03|2022-04|2022-05|2022-06|2023-01|2023-02|2023-03|2023-04|2023-05|2023-06|2023-07|2023-08|2023-09|2024-01|2024-02|2024-03|2024-04|2024-05|2024-06
BOBET,6,2024-01,2024-06,2024-01|2024-02|2024-03|2024-04|2024-05|2024-06
BRSAN,32,2023-09,2026-07,2023-09|2023-10|2023-11|2023-12|2024-01|2024-02|2024-03|2024-04|2024-08|2024-09|2024-10|2024-11|2024-12|2025-01|2025-02|2025-03|2025-04|2025-05|2025-06|2025-07|2025-08|2025-09|2025-10|2025-11|2025-12|2026-01|2026-02|2026-03|2026-04|2026-05|2026-06|2026-07
BSOKE,18,2025-01,2026-06,2025-01|2025-02|2025-03|2025-04|2025-05|2025-06|2025-07|2025-08|2025-09|2025-10|2025-11|2025-12|2026-01|2026-02|2026-03|2026-04|2026-05|2026-06
BTCIM,28,2024-04,2026-07,2024-04|2024-05|2024-06|2024-07|2024-08|2024-09|2024-10|2024-11|2024-12|2025-01|2025-02|2025-03|2025-04|2025-05|2025-06|2025-07|2025-08|2025-09|2025-10|2025-11|2025-12|2026-01|2026-02|2026-03|2026-04|2026-05|2026-06|2026-07
BUCIM,7,2023-09,2024-03,2023-09|2023-10|2023-11|2023-12|2024-01|2024-02|2024-03
CANTE,46,2021-10,2026-07,2021-10|2021-11|2021-12|2022-01|2022-02|2022-03|2022-04|2022-05|2022-06|2023-07|2023-08|2023-09|2023-10|2023-11|2023-12|2024-01|2024-02|2024-03|2024-04|2024-05|2024-06|2024-07|2024-08|2024-09|2024-10|2024-11|2024-12|2025-01|2025-02|2025-03|2025-04|2025-05|2025-06|2025-07|2025-08|2025-09|2025-10|2025-11|2025-12|2026-01|2026-02|2026-03|2026-04|2026-05|2026-06|2026-07
CCOLA,35,2023-09,2026-07,2023-09|2023-10|2023-11|2023-12|2024-01|2024-02|2024-03|2024-04|2024-05|2024-06|2024-07|2024-08|2024-09|2024-10|2024-11|2024-12|2025-01|2025-02|2025-03|2025-04|2025-05|2025-06|2025-07|2025-08|2025-09|2025-10|2025-11|2025-12|2026-01|2026-02|2026-03|2026-04|2026-05|2026-06|2026-07
CEMTS,1,2023-09,2023-09,2023-09
CIMSA,32,2023-09,2026-07,2023-09|2023-10|2023-11|2023-12|2024-01|2024-02|2024-03|2024-04|2024-08|2024-09|2024-10|2024-11|2024-12|2025-01|2025-02|2025-03|2025-04|2025-05|2025-06|2025-07|2025-08|2025-09|2025-10|2025-11|2025-12|2026-01|2026-02|2026-03|2026-04|2026-05|2026-06|2026-07
CLEBI,15,2024-10,2025-12,2024-10|2024-11|2024-12|2025-01|2025-02|2025-03|2025-04|2025-05|2025-06|2025-07|2025-08|2025-09|2025-10|2025-11|2025-12
CVKMD,7,2025-01,2026-07,2025-01|2025-02|2025-03|2026-04|2026-05|2026-06|2026-07
CWENE,34,2023-10,2026-07,2023-10|2023-11|2023-12|2024-01|2024-02|2024-03|2024-04|2024-05|2024-06|2024-07|2024-08|2024-09|2024-10|2024-11|2024-12|2025-01|2025-02|2025-03|2025-04|2025-05|2025-06|2025-07|2025-08|2025-09|2025-10|2025-11|2025-12|2026-01|2026-02|2026-03|2026-04|2026-05|2026-06|2026-07
DAPGM,9,2025-11,2026-07,2025-11|2025-12|2026-01|2026-02|2026-03|2026-04|2026-05|2026-06|2026-07
DEVA,17,2021-08,2022-12,2021-08|2021-09|2021-10|2021-11|2021-12|2022-01|2022-02|2022-03|2022-04|2022-05|2022-06|2022-07|2022-08|2022-09|2022-10|2022-11|2022-12
DOAS,32,2023-09,2026-07,2023-09|2023-10|2023-11|2023-12|2024-01|2024-02|2024-03|2024-04|2024-08|2024-09|2024-10|2024-11|2024-12|2025-01|2025-02|2025-03|2025-04|2025-05|2025-06|2025-07|2025-08|2025-09|2025-10|2025-11|2025-12|2026-01|2026-02|2026-03|2026-04|2026-05|2026-06|2026-07
DOHOL,57,2021-08,2026-07,2021-08|2021-09|2021-10|2021-11|2021-12|2022-01|2022-02|2022-03|2022-04|2022-05|2022-06|2022-07|2022-08|2022-09|2022-10|2022-11|2022-12|2023-01|2023-02|2023-03|2023-04|2023-05|2023-06|2023-07|2023-08|2023-09|2023-10|2023-11|2023-12|2024-01|2024-02|2024-03|2024-04|2024-08|2024-09|2024-10|2024-11|2024-12|2025-01|2025-02|2025-03|2025-04|2025-05|2025-06|2025-07|2025-08|2025-09|2025-10|2025-11|2025-12|2026-01|2026-02|2026-03|2026-04|2026-05|2026-06|2026-07
ECZYT,14,2021-08,2024-09,2021-08|2021-09|2023-07|2023-08|2023-09|2023-10|2023-11|2023-12|2024-01|2024-02|2024-03|2024-04|2024-08|2024-09
EFOR,6,2026-02,2026-07,2026-02|2026-03|2026-04|2026-05|2026-06|2026-07
EGEEN,28,2023-09,2026-03,2023-09|2023-10|2023-11|2023-12|2024-01|2024-02|2024-03|2024-04|2024-08|2024-09|2024-10|2024-11|2024-12|2025-01|2025-02|2025-03|2025-04|2025-05|2025-06|2025-07|2025-08|2025-09|2025-10|2025-11|2025-12|2026-01|2026-02|2026-03
ENERY,31,2024-01,2026-07,2024-01|2024-02|2024-03|2024-04|2024-05|2024-06|2024-07|2024-08|2024-09|2024-10|2024-11|2024-12|2025-01|2025-02|2025-03|2025-04|2025-05|2025-06|2025-07|2025-08|2025-09|2025-10|2025-11|2025-12|2026-01|2026-02|2026-03|2026-04|2026-05|2026-06|2026-07
ENJSA,32,2023-09,2026-07,2023-09|2023-10|2023-11|2023-12|2024-01|2024-02|2024-03|2024-04|2024-08|2024-09|2024-10|2024-11|2024-12|2025-01|2025-02|2025-03|2025-04|2025-05|2025-06|2025-07|2025-08|2025-09|2025-10|2025-11|2025-12|2026-01|2026-02|2026-03|2026-04|2026-05|2026-06|2026-07
ENKAI,32,2023-09,2026-07,2023-09|2023-10|2023-11|2023-12|2024-01|2024-02|2024-03|2024-04|2024-08|2024-09|2024-10|2024-11|2024-12|2025-01|2025-02|2025-03|2025-04|2025-05|2025-06|2025-07|2025-08|2025-09|2025-10|2025-11|2025-12|2026-01|2026-02|2026-03|2026-04|2026-05|2026-06|2026-07
EREGL,35,2023-09,2026-07,2023-09|2023-10|2023-11|2023-12|2024-01|2024-02|2024-03|2024-04|2024-05|2024-06|2024-07|2024-08|2024-09|2024-10|2024-11|2024-12|2025-01|2025-02|2025-03|2025-04|2025-05|2025-06|2025-07|2025-08|2025-09|2025-10|2025-11|2025-12|2026-01|2026-02|2026-03|2026-04|2026-05|2026-06|2026-07
ESEN,10,2021-10,2026-07,2021-10|2021-11|2021-12|2022-01|2022-02|2022-03|2022-04|2022-05|2022-06|2026-07
EUPWR,34,2023-10,2026-07,2023-10|2023-11|2023-12|2024-01|2024-02|2024-03|2024-04|2024-05|2024-06|2024-07|2024-08|2024-09|2024-10|2024-11|2024-12|2025-01|2025-02|2025-03|2025-04|2025-05|2025-06|2025-07|2025-08|2025-09|2025-10|2025-11|2025-12|2026-01|2026-02|2026-03|2026-04|2026-05|2026-06|2026-07
EUREN,10,2023-01,2026-07,2023-01|2023-02|2023-03|2023-04|2023-05|2023-06|2023-07|2023-08|2026-06|2026-07
FROTO,12,2025-08,2026-07,2025-08|2025-09|2025-10|2025-11|2025-12|2026-01|2026-02|2026-03|2026-04|2026-05|2026-06|2026-07
GENIL,31,2022-01,2026-07,2022-01|2022-02|2022-03|2022-04|2022-05|2022-06|2022-07|2022-08|2022-09|2022-10|2022-11|2022-12|2023-04|2023-08|2023-09|2023-10|2023-11|2023-12|2025-07|2025-08|2025-09|2025-10|2025-11|2025-12|2026-01|2026-02|2026-03|2026-04|2026-05|2026-06|2026-07
GESAN,46,2022-01,2026-07,2022-01|2022-02|2022-03|2022-10|2022-11|2022-12|2023-01|2023-02|2023-03|2023-04|2023-05|2023-06|2023-07|2023-08|2023-09|2023-10|2023-11|2023-12|2024-01|2024-02|2024-03|2024-04|2024-08|2024-09|2024-10|2024-11|2024-12|2025-01|2025-02|2025-03|2025-04|2025-05|2025-06|2025-07|2025-08|2025-09|2025-10|2025-11|2025-12|2026-01|2026-02|2026-03|2026-04|2026-05|2026-06|2026-07
GLRMK,13,2025-07,2026-07,2025-07|2025-08|2025-09|2025-10|2025-11|2025-12|2026-01|2026-02|2026-03|2026-04|2026-05|2026-06|2026-07
GLYHO,29,2021-08,2023-12,2021-08|2021-09|2021-10|2021-11|2021-12|2022-01|2022-02|2022-03|2022-04|2022-05|2022-06|2022-07|2022-08|2022-09|2022-10|2022-11|2022-12|2023-01|2023-02|2023-03|2023-04|2023-05|2023-06|2023-07|2023-08|2023-09|2023-10|2023-11|2023-12
GOLTS,11,2024-08,2025-06,2024-08|2024-09|2024-10|2024-11|2024-12|2025-01|2025-02|2025-03|2025-04|2025-05|2025-06
GRSEL,13,2025-07,2026-07,2025-07|2025-08|2025-09|2025-10|2025-11|2025-12|2026-01|2026-02|2026-03|2026-04|2026-05|2026-06|2026-07
GSDHO,18,2022-04,2023-09,2022-04|2022-05|2022-06|2022-07|2022-08|2022-09|2022-10|2022-11|2022-12|2023-01|2023-02|2023-03|2023-04|2023-05|2023-06|2023-07|2023-08|2023-09
GUBRF,32,2023-09,2026-07,2023-09|2023-10|2023-11|2023-12|2024-01|2024-02|2024-03|2024-04|2024-08|2024-09|2024-10|2024-11|2024-12|2025-01|2025-02|2025-03|2025-04|2025-05|2025-06|2025-07|2025-08|2025-09|2025-10|2025-11|2025-12|2026-01|2026-02|2026-03|2026-04|2026-05|2026-06|2026-07
GWIND,22,2022-04,2024-04,2022-04|2022-08|2022-09|2022-10|2022-11|2022-12|2023-01|2023-02|2023-03|2023-04|2023-05|2023-06|2023-07|2023-08|2023-09|2023-10|2023-11|2023-12|2024-01|2024-02|2024-03|2024-04
HEKTS,32,2023-09,2026-07,2023-09|2023-10|2023-11|2023-12|2024-01|2024-02|2024-03|2024-04|2024-08|2024-09|2024-10|2024-11|2024-12|2025-01|2025-02|2025-03|2025-04|2025-05|2025-06|2025-07|2025-08|2025-09|2025-10|2025-11|2025-12|2026-01|2026-02|2026-03|2026-04|2026-05|2026-06|2026-07
IEYHO,13,2025-01,2026-07,2025-01|2025-02|2025-03|2025-04|2025-05|2025-06|2025-07|2025-08|2025-09|2025-10|2025-11|2025-12|2026-07
IHLAS,2,2021-08,2021-09,2021-08|2021-09
ISDMR,7,2023-09,2024-03,2023-09|2023-10|2023-11|2023-12|2024-01|2024-02|2024-03
ISGYO,11,2022-04,2023-02,2022-04|2022-05|2022-06|2022-07|2022-08|2022-09|2022-10|2022-11|2022-12|2023-01|2023-02
IZENR,4,2024-01,2024-04,2024-01|2024-02|2024-03|2024-04
IZMDC,7,2023-09,2024-03,2023-09|2023-10|2023-11|2023-12|2024-01|2024-02|2024-03
KARSN,16,2023-09,2025-06,2023-09|2023-10|2023-11|2023-12|2024-01|2024-02|2024-03|2024-10|2024-11|2024-12|2025-01|2025-02|2025-03|2025-04|2025-05|2025-06
KCAER,39,2023-01,2026-03,2023-01|2023-02|2023-03|2023-04|2023-05|2023-06|2023-07|2023-08|2023-09|2023-10|2023-11|2023-12|2024-01|2024-02|2024-03|2024-04|2024-05|2024-06|2024-07|2024-08|2024-09|2024-10|2024-11|2024-12|2025-01|2025-02|2025-03|2025-04|2025-05|2025-06|2025-07|2025-08|2025-09|2025-10|2025-11|2025-12|2026-01|2026-02|2026-03
KCHOL,57,2021-08,2026-07,2021-08|2021-09|2021-10|2021-11|2021-12|2022-01|2022-02|2022-03|2022-04|2022-05|2022-06|2022-07|2022-08|2022-09|2022-10|2022-11|2022-12|2023-01|2023-02|2023-03|2023-04|2023-05|2023-06|2023-07|2023-08|2023-09|2023-10|2023-11|2023-12|2024-01|2024-02|2024-03|2024-04|2024-08|2024-09|2024-10|2024-11|2024-12|2025-01|2025-02|2025-03|2025-04|2025-05|2025-06|2025-07|2025-08|2025-09|2025-10|2025-11|2025-12|2026-01|2026-02|2026-03|2026-04|2026-05|2026-06|2026-07
KLRHO,7,2026-01,2026-07,2026-01|2026-02|2026-03|2026-04|2026-05|2026-06|2026-07
KLSER,12,2024-01,2025-03,2024-01|2024-02|2024-03|2024-04|2024-08|2024-09|2024-10|2024-11|2024-12|2025-01|2025-02|2025-03
KMPUR,12,2023-01,2024-03,2023-01|2023-02|2023-03|2023-04|2023-08|2023-09|2023-10|2023-11|2023-12|2024-01|2024-02|2024-03
KONTR,51,2022-04,2026-06,2022-04|2022-05|2022-06|2022-07|2022-08|2022-09|2022-10|2022-11|2022-12|2023-01|2023-02|2023-03|2023-04|2023-05|2023-06|2023-07|2023-08|2023-09|2023-10|2023-11|2023-12|2024-01|2024-02|2024-03|2024-04|2024-05|2024-06|2024-07|2024-08|2024-09|2024-10|2024-11|2024-12|2025-01|2025-02|2025-03|2025-04|2025-05|2025-06|2025-07|2025-08|2025-09|2025-10|2025-11|2025-12|2026-01|2026-02|2026-03|2026-04|2026-05|2026-06
KONYA,19,2023-09,2025-06,2023-09|2023-10|2023-11|2023-12|2024-01|2024-02|2024-03|2024-04|2024-08|2024-09|2024-10|2024-11|2024-12|2025-01|2025-02|2025-03|2025-04|2025-05|2025-06
KORDS,7,2023-09,2024-03,2023-09|2023-10|2023-11|2023-12|2024-01|2024-02|2024-03
KRDMD,32,2023-09,2026-07,2023-09|2023-10|2023-11|2023-12|2024-01|2024-02|2024-03|2024-04|2024-08|2024-09|2024-10|2024-11|2024-12|2025-01|2025-02|2025-03|2025-04|2025-05|2025-06|2025-07|2025-08|2025-09|2025-10|2025-11|2025-12|2026-01|2026-02|2026-03|2026-04|2026-05|2026-06|2026-07
KRVGD,6,2021-10,2022-03,2021-10|2021-11|2021-12|2022-01|2022-02|2022-03
KUYAS,13,2025-07,2026-07,2025-07|2025-08|2025-09|2025-10|2025-11|2025-12|2026-01|2026-02|2026-03|2026-04|2026-05|2026-06|2026-07
KZBGY,5,2022-04,2023-02,2022-04|2022-05|2022-06|2023-01|2023-02
LIDER,3,2025-01,2025-03,2025-01|2025-02|2025-03
LMKDC,11,2024-08,2025-09,2024-08|2024-09|2024-10|2024-11|2024-12|2025-04|2025-05|2025-06|2025-07|2025-08|2025-09
MAGEN,19,2025-01,2026-07,2025-01|2025-02|2025-03|2025-04|2025-05|2025-06|2025-07|2025-08|2025-09|2025-10|2025-11|2025-12|2026-01|2026-02|2026-03|2026-04|2026-05|2026-06|2026-07
MGROS,32,2023-09,2026-07,2023-09|2023-10|2023-11|2023-12|2024-01|2024-02|2024-03|2024-04|2024-08|2024-09|2024-10|2024-11|2024-12|2025-01|2025-02|2025-03|2025-04|2025-05|2025-06|2025-07|2025-08|2025-09|2025-10|2025-11|2025-12|2026-01|2026-02|2026-03|2026-04|2026-05|2026-06|2026-07
MIATK,8,2025-12,2026-07,2025-12|2026-01|2026-02|2026-03|2026-04|2026-05|2026-06|2026-07
MPARK,22,2024-10,2026-07,2024-10|2024-11|2024-12|2025-01|2025-02|2025-03|2025-04|2025-05|2025-06|2025-07|2025-08|2025-09|2025-10|2025-11|2025-12|2026-01|2026-02|2026-03|2026-04|2026-05|2026-06|2026-07
NTHOL,20,2021-08,2025-03,2021-08|2021-09|2022-01|2022-02|2022-03|2022-04|2022-05|2022-06|2022-07|2022-08|2022-09|2022-10|2022-11|2022-12|2023-01|2023-02|2023-03|2025-01|2025-02|2025-03
NUGYO,9,2022-04,2022-12,2022-04|2022-05|2022-06|2022-07|2022-08|2022-09|2022-10|2022-11|2022-12
OBAMS,22,2024-07,2026-07,2024-07|2024-08|2024-09|2024-10|2024-11|2024-12|2025-04|2025-05|2025-06|2025-07|2025-08|2025-09|2025-10|2025-11|2025-12|2026-01|2026-02|2026-03|2026-04|2026-05|2026-06|2026-07
ODAS,32,2023-09,2026-07,2023-09|2023-10|2023-11|2023-12|2024-01|2024-02|2024-03|2024-04|2024-08|2024-09|2024-10|2024-11|2024-12|2025-01|2025-02|2025-03|2025-04|2025-05|2025-06|2025-07|2025-08|2025-09|2025-10|2025-11|2025-12|2026-01|2026-02|2026-03|2026-04|2026-05|2026-06|2026-07
ODINE,1,2026-07,2026-07,2026-07
OTKAR,30,2023-08,2026-07,2023-08|2023-09|2023-10|2023-11|2023-12|2024-01|2024-02|2024-03|2024-04|2024-08|2024-12|2025-01|2025-02|2025-03|2025-04|2025-05|2025-06|2025-07|2025-08|2025-09|2025-10|2025-11|2025-12|2026-01|2026-02|2026-03|2026-04|2026-05|2026-06|2026-07
OYAKC,35,2023-09,2026-07,2023-09|2023-10|2023-11|2023-12|2024-01|2024-02|2024-03|2024-04|2024-05|2024-06|2024-07|2024-08|2024-09|2024-10|2024-11|2024-12|2025-01|2025-02|2025-03|2025-04|2025-05|2025-06|2025-07|2025-08|2025-09|2025-10|2025-11|2025-12|2026-01|2026-02|2026-03|2026-04|2026-05|2026-06|2026-07
PAHOL,4,2026-04,2026-07,2026-04|2026-05|2026-06|2026-07
PAPIL,3,2024-10,2024-12,2024-10|2024-11|2024-12
PASEU,19,2025-01,2026-07,2025-01|2025-02|2025-03|2025-04|2025-05|2025-06|2025-07|2025-08|2025-09|2025-10|2025-11|2025-12|2026-01|2026-02|2026-03|2026-04|2026-05|2026-06|2026-07
PATEK,10,2025-10,2026-07,2025-10|2025-11|2025-12|2026-01|2026-02|2026-03|2026-04|2026-05|2026-06|2026-07
PENTA,9,2023-07,2024-03,2023-07|2023-08|2023-09|2023-10|2023-11|2023-12|2024-01|2024-02|2024-03
PETKM,57,2021-08,2026-07,2021-08|2021-09|2021-10|2021-11|2021-12|2022-01|2022-02|2022-03|2022-04|2022-05|2022-06|2022-07|2022-08|2022-09|2022-10|2022-11|2022-12|2023-01|2023-02|2023-03|2023-04|2023-05|2023-06|2023-07|2023-08|2023-09|2023-10|2023-11|2023-12|2024-01|2024-02|2024-03|2024-04|2024-08|2024-09|2024-10|2024-11|2024-12|2025-01|2025-02|2025-03|2025-04|2025-05|2025-06|2025-07|2025-08|2025-09|2025-10|2025-11|2025-12|2026-01|2026-02|2026-03|2026-04|2026-05|2026-06|2026-07
PGSUS,35,2023-09,2026-07,2023-09|2023-10|2023-11|2023-12|2024-01|2024-02|2024-03|2024-04|2024-05|2024-06|2024-07|2024-08|2024-09|2024-10|2024-11|2024-12|2025-01|2025-02|2025-03|2025-04|2025-05|2025-06|2025-07|2025-08|2025-09|2025-10|2025-11|2025-12|2026-01|2026-02|2026-03|2026-04|2026-05|2026-06|2026-07
PSGYO,8,2022-07,2023-02,2022-07|2022-08|2022-09|2022-10|2022-11|2022-12|2023-01|2023-02
QUAGR,34,2021-10,2026-07,2021-10|2021-11|2021-12|2022-01|2022-02|2022-03|2022-04|2022-05|2022-06|2022-07|2022-08|2022-09|2022-10|2022-11|2022-12|2023-07|2023-08|2023-09|2023-10|2023-11|2023-12|2024-01|2024-02|2024-03|2024-04|2024-08|2024-09|2026-01|2026-02|2026-03|2026-04|2026-05|2026-06|2026-07
RALYH,16,2025-04,2026-07,2025-04|2025-05|2025-06|2025-07|2025-08|2025-09|2025-10|2025-11|2025-12|2026-01|2026-02|2026-03|2026-04|2026-05|2026-06|2026-07
REEDR,24,2024-08,2026-07,2024-08|2024-09|2024-10|2024-11|2024-12|2025-01|2025-02|2025-03|2025-04|2025-05|2025-06|2025-07|2025-08|2025-09|2025-10|2025-11|2025-12|2026-01|2026-02|2026-03|2026-04|2026-05|2026-06|2026-07
RGYAS,3,2024-10,2024-12,2024-10|2024-11|2024-12
SAHOL,57,2021-08,2026-07,2021-08|2021-09|2021-10|2021-11|2021-12|2022-01|2022-02|2022-03|2022-04|2022-05|2022-06|2022-07|2022-08|2022-09|2022-10|2022-11|2022-12|2023-01|2023-02|2023-03|2023-04|2023-05|2023-06|2023-07|2023-08|2023-09|2023-10|2023-11|2023-12|2024-01|2024-02|2024-03|2024-04|2024-08|2024-09|2024-10|2024-11|2024-12|2025-01|2025-02|2025-03|2025-04|2025-05|2025-06|2025-07|2025-08|2025-09|2025-10|2025-11|2025-12|2026-01|2026-02|2026-03|2026-04|2026-05|2026-06|2026-07
SARKY,4,2026-04,2026-07,2026-04|2026-05|2026-06|2026-07
SASA,35,2023-09,2026-07,2023-09|2023-10|2023-11|2023-12|2024-01|2024-02|2024-03|2024-04|2024-05|2024-06|2024-07|2024-08|2024-09|2024-10|2024-11|2024-12|2025-01|2025-02|2025-03|2025-04|2025-05|2025-06|2025-07|2025-08|2025-09|2025-10|2025-11|2025-12|2026-01|2026-02|2026-03|2026-04|2026-05|2026-06|2026-07
SAYAS,1,2024-04,2024-04,2024-04
SELEC,7,2023-09,2025-06,2023-09|2025-01|2025-02|2025-03|2025-04|2025-05|2025-06
SISE,57,2021-08,2026-07,2021-08|2021-09|2021-10|2021-11|2021-12|2022-01|2022-02|2022-03|2022-04|2022-05|2022-06|2022-07|2022-08|2022-09|2022-10|2022-11|2022-12|2023-01|2023-02|2023-03|2023-04|2023-05|2023-06|2023-07|2023-08|2023-09|2023-10|2023-11|2023-12|2024-01|2024-02|2024-03|2024-04|2024-08|2024-09|2024-10|2024-11|2024-12|2025-01|2025-02|2025-03|2025-04|2025-05|2025-06|2025-07|2025-08|2025-09|2025-10|2025-11|2025-12|2026-01|2026-02|2026-03|2026-04|2026-05|2026-06|2026-07
SMRTG,36,2022-10,2025-09,2022-10|2022-11|2022-12|2023-01|2023-02|2023-03|2023-04|2023-05|2023-06|2023-07|2023-08|2023-09|2023-10|2023-11|2023-12|2024-01|2024-02|2024-03|2024-04|2024-05|2024-06|2024-07|2024-08|2024-09|2024-10|2024-11|2024-12|2025-01|2025-02|2025-03|2025-04|2025-05|2025-06|2025-07|2025-08|2025-09
SNGYO,11,2022-04,2023-02,2022-04|2022-05|2022-06|2022-07|2022-08|2022-09|2022-10|2022-11|2022-12|2023-01|2023-02
SOKM,32,2023-09,2026-07,2023-09|2023-10|2023-11|2023-12|2024-01|2024-02|2024-03|2024-04|2024-08|2024-09|2024-10|2024-11|2024-12|2025-01|2025-02|2025-03|2025-04|2025-05|2025-06|2025-07|2025-08|2025-09|2025-10|2025-11|2025-12|2026-01|2026-02|2026-03|2026-04|2026-05|2026-06|2026-07
TABGD,24,2024-04,2026-06,2024-04|2024-08|2024-09|2024-10|2024-11|2024-12|2025-01|2025-02|2025-03|2025-04|2025-05|2025-06|2025-07|2025-08|2025-09|2025-10|2025-11|2025-12|2026-01|2026-02|2026-03|2026-04|2026-05|2026-06
TATEN,3,2024-01,2024-03,2024-01|2024-02|2024-03
TAVHL,57,2021-08,2026-07,2021-08|2021-09|2021-10|2021-11|2021-12|2022-01|2022-02|2022-03|2022-04|2022-05|2022-06|2022-07|2022-08|2022-09|2022-10|2022-11|2022-12|2023-01|2023-02|2023-03|2023-04|2023-05|2023-06|2023-07|2023-08|2023-09|2023-10|2023-11|2023-12|2024-01|2024-02|2024-03|2024-04|2024-08|2024-09|2024-10|2024-11|2024-12|2025-01|2025-02|2025-03|2025-04|2025-05|2025-06|2025-07|2025-08|2025-09|2025-10|2025-11|2025-12|2026-01|2026-02|2026-03|2026-04|2026-05|2026-06|2026-07
TCELL,57,2021-08,2026-07,2021-08|2021-09|2021-10|2021-11|2021-12|2022-01|2022-02|2022-03|2022-04|2022-05|2022-06|2022-07|2022-08|2022-09|2022-10|2022-11|2022-12|2023-01|2023-02|2023-03|2023-04|2023-05|2023-06|2023-07|2023-08|2023-09|2023-10|2023-11|2023-12|2024-01|2024-02|2024-03|2024-04|2024-08|2024-09|2024-10|2024-11|2024-12|2025-01|2025-02|2025-03|2025-04|2025-05|2025-06|2025-07|2025-08|2025-09|2025-10|2025-11|2025-12|2026-01|2026-02|2026-03|2026-04|2026-05|2026-06|2026-07
THYAO,32,2023-09,2026-07,2023-09|2023-10|2023-11|2023-12|2024-01|2024-02|2024-03|2024-04|2024-08|2024-09|2024-10|2024-11|2024-12|2025-01|2025-02|2025-03|2025-04|2025-05|2025-06|2025-07|2025-08|2025-09|2025-10|2025-11|2025-12|2026-01|2026-02|2026-03|2026-04|2026-05|2026-06|2026-07
TKFEN,60,2021-08,2026-07,2021-08|2021-09|2021-10|2021-11|2021-12|2022-01|2022-02|2022-03|2022-04|2022-05|2022-06|2022-07|2022-08|2022-09|2022-10|2022-11|2022-12|2023-01|2023-02|2023-03|2023-04|2023-05|2023-06|2023-07|2023-08|2023-09|2023-10|2023-11|2023-12|2024-01|2024-02|2024-03|2024-04|2024-05|2024-06|2024-07|2024-08|2024-09|2024-10|2024-11|2024-12|2025-01|2025-02|2025-03|2025-04|2025-05|2025-06|2025-07|2025-08|2025-09|2025-10|2025-11|2025-12|2026-01|2026-02|2026-03|2026-04|2026-05|2026-06|2026-07
TKNSA,3,2023-09,2024-09,2023-09|2024-08|2024-09
TMSN,8,2024-08,2025-03,2024-08|2024-09|2024-10|2024-11|2024-12|2025-01|2025-02|2025-03
TOASO,33,2023-08,2026-07,2023-08|2023-09|2023-10|2023-11|2023-12|2024-01|2024-02|2024-03|2024-04|2024-08|2024-09|2024-10|2024-11|2024-12|2025-01|2025-02|2025-03|2025-04|2025-05|2025-06|2025-07|2025-08|2025-09|2025-10|2025-11|2025-12|2026-01|2026-02|2026-03|2026-04|2026-05|2026-06|2026-07
TRALT,5,2026-03,2026-07,2026-03|2026-04|2026-05|2026-06|2026-07
TRENJ,5,2026-03,2026-07,2026-03|2026-04|2026-05|2026-06|2026-07
TRGYO,9,2022-04,2022-12,2022-04|2022-05|2022-06|2022-07|2022-08|2022-09|2022-10|2022-11|2022-12
TRILC,9,2021-10,2022-09,2021-10|2021-11|2021-12|2022-04|2022-05|2022-06|2022-07|2022-08|2022-09
TRMET,5,2026-03,2026-07,2026-03|2026-04|2026-05|2026-06|2026-07
TTKOM,32,2023-09,2026-07,2023-09|2023-10|2023-11|2023-12|2024-01|2024-02|2024-03|2024-04|2024-08|2024-09|2024-10|2024-11|2024-12|2025-01|2025-02|2025-03|2025-04|2025-05|2025-06|2025-07|2025-08|2025-09|2025-10|2025-11|2025-12|2026-01|2026-02|2026-03|2026-04|2026-05|2026-06|2026-07
TTRAK,29,2023-08,2026-03,2023-08|2023-09|2023-10|2023-11|2023-12|2024-01|2024-02|2024-03|2024-04|2024-08|2024-09|2024-10|2024-11|2024-12|2025-01|2025-02|2025-03|2025-04|2025-05|2025-06|2025-07|2025-08|2025-09|2025-10|2025-11|2025-12|2026-01|2026-02|2026-03
TUKAS,19,2023-09,2025-03,2023-09|2023-10|2023-11|2023-12|2024-01|2024-02|2024-03|2024-04|2024-05|2024-06|2024-07|2024-08|2024-09|2024-10|2024-11|2024-12|2025-01|2025-02|2025-03
TUPRS,32,2023-09,2026-07,2023-09|2023-10|2023-11|2023-12|2024-01|2024-02|2024-03|2024-04|2024-08|2024-09|2024-10|2024-11|2024-12|2025-01|2025-02|2025-03|2025-04|2025-05|2025-06|2025-07|2025-08|2025-09|2025-10|2025-11|2025-12|2026-01|2026-02|2026-03|2026-04|2026-05|2026-06|2026-07
TUREX,12,2025-07,2026-06,2025-07|2025-08|2025-09|2025-10|2025-11|2025-12|2026-01|2026-02|2026-03|2026-04|2026-05|2026-06
ULKER,32,2023-09,2026-07,2023-09|2023-10|2023-11|2023-12|2024-01|2024-02|2024-03|2024-04|2024-08|2024-09|2024-10|2024-11|2024-12|2025-01|2025-02|2025-03|2025-04|2025-05|2025-06|2025-07|2025-08|2025-09|2025-10|2025-11|2025-12|2026-01|2026-02|2026-03|2026-04|2026-05|2026-06|2026-07
VERUS,8,2021-08,2022-03,2021-08|2021-09|2021-10|2021-11|2021-12|2022-01|2022-02|2022-03
VESBE,10,2023-09,2024-12,2023-09|2023-10|2023-11|2023-12|2024-04|2024-08|2024-09|2024-10|2024-11|2024-12
VESTL,32,2023-09,2026-07,2023-09|2023-10|2023-11|2023-12|2024-01|2024-02|2024-03|2024-04|2024-08|2024-09|2024-10|2024-11|2024-12|2025-01|2025-02|2025-03|2025-04|2025-05|2025-06|2025-07|2025-08|2025-09|2025-10|2025-11|2025-12|2026-01|2026-02|2026-03|2026-04|2026-05|2026-06|2026-07
YEOTK,30,2023-10,2026-03,2023-10|2023-11|2023-12|2024-01|2024-02|2024-03|2024-04|2024-05|2024-06|2024-07|2024-08|2024-09|2024-10|2024-11|2024-12|2025-01|2025-02|2025-03|2025-04|2025-05|2025-06|2025-07|2025-08|2025-09|2025-10|2025-11|2025-12|2026-01|2026-02|2026-03
YYLGD,21,2022-10,2024-09,2022-10|2022-11|2022-12|2023-01|2023-02|2023-03|2023-04|2023-05|2023-06|2023-07|2023-08|2023-09|2023-10|2023-11|2023-12|2024-01|2024-02|2024-03|2024-04|2024-08|2024-09
ZOREN,32,2023-09,2026-07,2023-09|2023-10|2023-11|2023-12|2024-01|2024-02|2024-03|2024-04|2024-08|2024-09|2024-10|2024-11|2024-12|2025-01|2025-02|2025-03|2025-04|2025-05|2025-06|2025-07|2025-08|2025-09|2025-10|2025-11|2025-12|2026-01|2026-02|2026-03|2026-04|2026-05|2026-06|2026-07
