ticker,yahoo_symbol,action_date,cash_dividend_per_share,split_factor
ADEL,ADEL.IS,2021-01-05,0.057727,0.0
ADEL,ADEL.IS,2021-09-30,0.057727,0.0
ADEL,ADEL.IS,2022-09-28,0.057727,0.0
ADEL,ADEL.IS,2023-09-27,0.069273,0.0
ADEL,ADEL.IS,2024-09-26,0.577209,0.0
ADEL,ADEL.IS,2025-09-26,0.5773,0.0
AEFES,AEFES.IS,2020-07-14,0.1774,0.0
AEFES,AEFES.IS,2021-05-28,0.19348,0.0
AEFES,AEFES.IS,2022-05-20,0.18545,0.0
AEFES,AEFES.IS,2023-05-23,0.10657,0.0
AEFES,AEFES.IS,2023-09-18,0.10657,0.0
AEFES,AEFES.IS,2024-05-28,0.235,0.0
AEFES,AEFES.IS,2025-05-27,0.1274,0.0
AEFES,AEFES.IS,2026-05-13,0.16975,0.0
AFYON,AFYON.IS,2022-03-31,0.045,0.0
AFYON,AFYON.IS,2023-06-01,0.2,0.0
AFYON,AFYON.IS,2024-06-03,0.4,0.0
AFYON,AFYON.IS,2025-04-08,1.0,0.0
AFYON,AFYON.IS,2026-04-01,1.5,0.0
AGHOL,AGHOL.IS,2021-02-05,0.012319,0.0
AGHOL,AGHOL.IS,2021-05-31,0.016425,0.0
AGHOL,AGHOL.IS,2022-05-25,0.024637,0.0
AGHOL,AGHOL.IS,2023-05-24,0.082124,0.0
AGHOL,AGHOL.IS,2024-05-29,0.287434,0.0
AGHOL,AGHOL.IS,2025-05-28,0.513274,0.0
AGHOL,AGHOL.IS,2026-05-20,0.698053,0.0
AHGAZ,AHGAZ.IS,2024-07-24,0.019231,0.0
AKBNK,AKBNK.IS,2021-03-26,0.1204,0.0
AKBNK,AKBNK.IS,2022-03-30,0.233,0.0
AKBNK,AKBNK.IS,2023-03-30,1.73,0.0
AKBNK,AKBNK.IS,2024-03-26,1.9175,0.0
AKBNK,AKBNK.IS,2025-03-26,1.222,0.0
AKBNK,AKBNK.IS,2026-03-26,2.2018,0.0
AKCNS,AKCNS.IS,2021-03-30,0.548299,0.0
AKCNS,AKCNS.IS,2022-05-09,0.48,0.0
AKCNS,AKCNS.IS,2023-03-27,1.305844,0.0
AKCNS,AKCNS.IS,2024-04-15,6.006882,0.0
AKCNS,AKCNS.IS,2025-03-24,6.268051,0.0
AKCNS,AKCNS.IS,2026-06-01,1.880415,0.0
AKSA,AKSA.IS,2021-04-13,0.0725,0.0
AKSA,AKSA.IS,2022-04-21,0.154167,0.0
AKSA,AKSA.IS,2023-04-11,0.200833,0.0
AKSA,AKSA.IS,2024-04-03,0.416667,0.0
AKSA,AKSA.IS,2025-05-21,0.48,0.0
AKSA,AKSA.IS,2026-04-03,0.58,0.0
AKSEN,AKSEN.IS,2022-07-20,0.570805,0.0
AKSEN,AKSEN.IS,2023-05-03,0.815436,0.0
AKSEN,AKSEN.IS,2024-06-06,1.304697,0.0
ALARK,ALARK.IS,2020-10-23,0.079,0.0
ALARK,ALARK.IS,2021-05-11,0.138,0.0
ALARK,ALARK.IS,2022-05-06,0.23,0.0
ALARK,ALARK.IS,2023-05-31,0.33,0.0
ALARK,ALARK.IS,2023-06-01,0.7,0.0
ALARK,ALARK.IS,2023-08-25,0.35,0.0
ALARK,ALARK.IS,2023-11-15,0.23,0.0
ALARK,ALARK.IS,2024-05-30,0.9686,0.0
ALARK,ALARK.IS,2025-04-17,2.6,0.0
ALARK,ALARK.IS,2026-05-04,3.185,0.0
ALBRK,ALBRK.IS,2025-04-15,0.172418,0.0
ALBRK,ALBRK.IS,2026-04-15,0.261802,0.0
ALFAS,ALFAS.IS,2023-05-03,0.5,0.0
ALFAS,ALFAS.IS,2024-08-14,0.815217,0.0
ALFAS,ALFAS.IS,2025-09-30,0.163043,0.0
ALGYO,ALGYO.IS,2020-07-21,0.02,0.0
ALGYO,ALGYO.IS,2021-05-24,0.024762,0.0
ALGYO,ALGYO.IS,2022-04-25,0.052381,0.0
ALGYO,ALGYO.IS,2023-04-25,0.055556,0.0
ALGYO,ALGYO.IS,2024-06-03,0.003571,0.0
ALGYO,ALGYO.IS,2026-05-12,0.05,0.0
ALKIM,ALKIM.IS,2021-01-06,0.186438,0.0
ALKIM,ALKIM.IS,2021-04-14,0.2603,0.0
ALKIM,ALKIM.IS,2022-04-21,0.398008,0.0
ALKIM,ALKIM.IS,2023-04-12,0.462963,0.0
ANHYT,ANHYT.IS,2021-03-29,0.837209,0.0
ANHYT,ANHYT.IS,2022-03-25,1.023255,0.0
ANHYT,ANHYT.IS,2023-03-28,1.162791,0.0
ANHYT,ANHYT.IS,2024-03-26,2.325581,0.0
ANHYT,ANHYT.IS,2025-03-26,5.813953,0.0
ANHYT,ANHYT.IS,2026-03-26,8.139535,0.0
ANSGR,ANSGR.IS,2021-03-30,0.08,0.0
ANSGR,ANSGR.IS,2025-03-28,1.05,0.0
ANSGR,ANSGR.IS,2026-04-01,1.375,0.0
ARASE,ARASE.IS,2022-08-01,0.65746,0.0
ARASE,ARASE.IS,2023-07-17,0.338289,0.0
ARASE,ARASE.IS,2024-09-23,0.913671,0.0
ARASE,ARASE.IS,2025-08-18,2.2,0.0
ARASE,ARASE.IS,2026-06-24,2.0,0.0
ARCLK,ARCLK.IS,2021-03-29,2.219827,0.0
ARCLK,ARCLK.IS,2022-03-28,2.219827,0.0
ARCLK,ARCLK.IS,2023-09-25,2.663793,0.0
ARDYZ,ARDYZ.IS,2020-09-01,0.009118,0.0
ARDYZ,ARDYZ.IS,2021-12-30,0.001999,0.0
ARDYZ,ARDYZ.IS,2022-12-15,0.0066,0.0
ARDYZ,ARDYZ.IS,2023-12-25,0.015294,0.0
ARDYZ,ARDYZ.IS,2024-07-03,0.022412,0.0
ARDYZ,ARDYZ.IS,2025-11-17,0.032448,0.0
ASELS,ASELS.IS,2020-07-17,0.024488,0.0
ASELS,ASELS.IS,2020-10-16,0.024488,0.0
ASELS,ASELS.IS,2020-12-18,0.024488,0.0
ASELS,ASELS.IS,2021-11-19,0.087719,0.0
ASELS,ASELS.IS,2022-11-16,0.100877,0.0
ASELS,ASELS.IS,2023-11-22,0.087719,0.0
ASELS,ASELS.IS,2024-11-25,0.111842,0.0
ASELS,ASELS.IS,2025-11-25,0.234649,0.0
ASGYO,ASGYO.IS,2024-07-03,0.2,0.0
ASGYO,ASGYO.IS,2026-04-01,0.168319,0.0
ASTOR,ASTOR.IS,2023-05-02,0.529033,0.0
ASTOR,ASTOR.IS,2024-07-31,1.320483,0.0
ASTOR,ASTOR.IS,2025-08-18,1.512088,0.0
ASUZU,ASUZU.IS,2022-06-01,0.119041,0.0
ASUZU,ASUZU.IS,2023-05-29,0.793651,0.0
ASUZU,ASUZU.IS,2024-05-29,1.984127,0.0
ASUZU,ASUZU.IS,2025-05-26,1.984127,0.0
ASUZU,ASUZU.IS,2026-05-12,2.380952,0.0
AVPGY,AVPGY.IS,2024-04-17,0.7,0.0
AVPGY,AVPGY.IS,2024-05-29,0.7,0.0
AVPGY,AVPGY.IS,2024-07-22,0.7,0.0
AVPGY,AVPGY.IS,2025-04-25,1.5,0.0
AVPGY,AVPGY.IS,2025-07-09,1.5,0.0
AVPGY,AVPGY.IS,2025-10-14,1.9375,0.0
AVPGY,AVPGY.IS,2026-05-20,2.5,0.0
AVPGY,AVPGY.IS,2026-06-05,2.5,0.0
AYDEM,AYDEM.IS,2024-07-30,0.545756,0.0
AYGAZ,AYGAZ.IS,2021-04-07,0.5,0.0
AYGAZ,AYGAZ.IS,2022-04-06,0.5,0.0
AYGAZ,AYGAZ.IS,2023-03-27,1.0,0.0
AYGAZ,AYGAZ.IS,2024-04-04,6.85,0.0
AYGAZ,AYGAZ.IS,2025-04-02,12.55,0.0
AYGAZ,AYGAZ.IS,2026-03-16,12.55,0.0
BAGFS,BAGFS.IS,2023-07-10,0.12994,0.0
BALSU,BALSU.IS,2025-11-14,0.176259,0.0
BASGZ,BASGZ.IS,2022-01-14,0.25,0.0
BASGZ,BASGZ.IS,2022-04-04,0.79,0.0
BASGZ,BASGZ.IS,2022-07-06,0.2,0.0
BASGZ,BASGZ.IS,2023-05-04,1.16,0.0
BASGZ,BASGZ.IS,2023-10-11,0.45,0.0
BASGZ,BASGZ.IS,2024-06-12,2.2,0.0
BASGZ,BASGZ.IS,2024-10-16,0.8,0.0
BASGZ,BASGZ.IS,2025-07-18,2.0,0.0
BASGZ,BASGZ.IS,2026-06-18,2.0,0.0
BERA,BERA.IS,2022-07-20,0.05,0.0
BERA,BERA.IS,2023-09-18,0.05,0.0
BFREN,BFREN.IS,2021-01-05,0.124938,0.0
BFREN,BFREN.IS,2021-05-05,0.141382,0.0
BFREN,BFREN.IS,2022-06-15,0.294347,0.0
BFREN,BFREN.IS,2023-09-26,0.498191,0.0
BIMAS,BIMAS.IS,2020-10-14,0.4,0.0
BIMAS,BIMAS.IS,2021-01-08,1.0,0.0
BIMAS,BIMAS.IS,2021-05-20,1.0,0.0
BIMAS,BIMAS.IS,2021-11-17,1.0,0.0
BIMAS,BIMAS.IS,2022-06-15,0.75,0.0
BIMAS,BIMAS.IS,2022-12-14,0.75,0.0
BIMAS,BIMAS.IS,2023-06-14,1.0,0.0
BIMAS,BIMAS.IS,2023-12-20,1.5,0.0
BIMAS,BIMAS.IS,2024-07-17,1.0,0.0
BIMAS,BIMAS.IS,2024-10-02,2.0,0.0
BIMAS,BIMAS.IS,2024-12-18,2.0,0.0
BIMAS,BIMAS.IS,2025-06-18,2.0,0.0
BIMAS,BIMAS.IS,2025-09-17,2.0,0.0
BIMAS,BIMAS.IS,2025-12-17,2.5,0.0
BIMAS,BIMAS.IS,2026-06-17,2.0,0.0
BOBET,BOBET.IS,2022-03-31,0.144736,0.0
BOBET,BOBET.IS,2023-04-04,0.5,0.0
BOBET,BOBET.IS,2023-05-08,0.5,0.0
BOBET,BOBET.IS,2024-05-07,0.75,0.0
BOBET,BOBET.IS,2024-08-07,0.375,0.0
BOBET,BOBET.IS,2024-10-07,0.375,0.0
BOBET,BOBET.IS,2025-07-08,0.2,0.0
BRISA,BRISA.IS,2021-03-30,0.807,0.0
BRISA,BRISA.IS,2022-03-29,2.0279,0.0
BRISA,BRISA.IS,2023-03-29,3.6,0.0
BRISA,BRISA.IS,2024-04-24,3.394,0.0
BRISA,BRISA.IS,2025-03-28,2.1296,0.0
BRYAT,BRYAT.IS,2021-03-29,2.403777,0.0
BRYAT,BRYAT.IS,2022-04-21,5.708317,0.0
BRYAT,BRYAT.IS,2023-03-29,14.532763,0.0
BRYAT,BRYAT.IS,2024-04-18,46.1987,0.0
BRYAT,BRYAT.IS,2025-04-24,58.566593,0.0
BRYAT,BRYAT.IS,2026-04-08,166.14581,0.0
BUCIM,BUCIM.IS,2023-12-27,0.05,0.0
BUCIM,BUCIM.IS,2024-09-30,0.066667,0.0
BUCIM,BUCIM.IS,2025-06-18,0.066667,0.0
CCOLA,CCOLA.IS,2021-02-18,0.150909,0.0
CCOLA,CCOLA.IS,2021-05-27,0.179091,0.0
CCOLA,CCOLA.IS,2022-05-18,0.214545,0.0
CCOLA,CCOLA.IS,2023-05-22,0.268045,0.0
CCOLA,CCOLA.IS,2024-05-27,0.714782,0.0
CCOLA,CCOLA.IS,2025-05-26,1.0722,0.0
CCOLA,CCOLA.IS,2026-05-12,1.43,0.0
CEMTS,CEMTS.IS,2021-01-11,0.007795,0.0
CEMTS,CEMTS.IS,2021-05-05,0.035638,0.0
CEMTS,CEMTS.IS,2022-05-16,0.056097,0.0
CEMTS,CEMTS.IS,2023-05-29,0.100976,0.0
CEMTS,CEMTS.IS,2024-04-29,0.15,0.0
CEMTS,CEMTS.IS,2025-05-28,0.22,0.0
CEMTS,CEMTS.IS,2026-06-24,0.3,0.0
CIMSA,CIMSA.IS,2022-03-31,0.211508,0.0
CIMSA,CIMSA.IS,2023-04-03,0.423016,0.0
CIMSA,CIMSA.IS,2024-04-29,1.05754,0.0
CIMSA,CIMSA.IS,2025-04-02,0.634524,0.0
CIMSA,CIMSA.IS,2026-04-01,0.740278,0.0
CLEBI,CLEBI.IS,2020-08-31,1.975,0.0
CLEBI,CLEBI.IS,2021-01-04,2.375,0.0
CLEBI,CLEBI.IS,2022-04-27,6.75,0.0
CLEBI,CLEBI.IS,2023-04-17,42.4,0.0
CLEBI,CLEBI.IS,2024-04-24,63.0,0.0
CLEBI,CLEBI.IS,2025-04-24,147.5,0.0
CLEBI,CLEBI.IS,2026-04-24,103.0,0.0
CWENE,CWENE.IS,2024-08-29,0.087953,0.0
DEVA,DEVA.IS,2021-04-12,0.1,0.0
DEVA,DEVA.IS,2022-04-11,0.15,0.0
DEVA,DEVA.IS,2023-05-08,0.15,0.0
DEVA,DEVA.IS,2024-06-25,0.25,0.0
DOAS,DOAS.IS,2021-04-27,1.363636,0.0
DOAS,DOAS.IS,2021-07-12,1.363636,0.0
DOAS,DOAS.IS,2022-04-08,5.681818,0.0
DOAS,DOAS.IS,2022-11-14,4.090909,0.0
DOAS,DOAS.IS,2023-04-06,9.090909,0.0
DOAS,DOAS.IS,2023-08-24,11.363636,0.0
DOAS,DOAS.IS,2023-11-24,5.681818,0.0
DOAS,DOAS.IS,2024-04-19,40.909092,0.0
DOAS,DOAS.IS,2024-09-02,10.0,0.0
DOAS,DOAS.IS,2025-05-20,27.272726,0.0
DOAS,DOAS.IS,2026-04-13,15.0,0.0
DOHOL,DOHOL.IS,2021-04-28,0.068782,0.0
DOHOL,DOHOL.IS,2022-06-02,0.126102,0.0
DOHOL,DOHOL.IS,2022-11-30,0.111199,0.0
DOHOL,DOHOL.IS,2023-05-08,0.072604,0.0
DOHOL,DOHOL.IS,2023-06-16,0.185331,0.0
DOHOL,DOHOL.IS,2024-07-08,0.05,0.0
DOHOL,DOHOL.IS,2025-09-01,0.305694,0.0
ECILC,ECILC.IS,2021-04-26,0.22,0.0
ECILC,ECILC.IS,2022-05-24,0.292,0.0
ECILC,ECILC.IS,2023-04-25,0.41,0.0
ECILC,ECILC.IS,2024-06-05,1.18,0.0
ECILC,ECILC.IS,2025-05-14,1.75116,0.0
ECILC,ECILC.IS,2026-05-06,1.75116,0.0
ECZYT,ECZYT.IS,2021-04-28,1.24,0.0
ECZYT,ECZYT.IS,2022-05-26,1.524,0.0
ECZYT,ECZYT.IS,2023-04-27,1.9,0.0
ECZYT,ECZYT.IS,2024-06-05,5.2,0.0
ECZYT,ECZYT.IS,2025-05-14,6.666667,0.0
ECZYT,ECZYT.IS,2026-05-06,5.714286,0.0
EFOR,EFOR.IS,2025-08-15,0.022957,0.0
EGEEN,EGEEN.IS,2021-01-04,42.78,0.0
EGEEN,EGEEN.IS,2021-03-26,60.30009,0.0
EGEEN,EGEEN.IS,2022-03-31,24.0,0.0
EGEEN,EGEEN.IS,2022-04-29,48.0,0.0
EGEEN,EGEEN.IS,2023-04-28,69.0,0.0
EGEEN,EGEEN.IS,2024-05-29,103.0,0.0
EGEEN,EGEEN.IS,2025-03-28,53.0,0.0
EGGUB,EGGUB.IS,2020-07-27,0.105,0.0
EGGUB,EGGUB.IS,2020-12-31,0.095,0.0
EGGUB,EGGUB.IS,2021-05-24,0.25,0.0
EGGUB,EGGUB.IS,2022-05-23,0.3,0.0
EGGUB,EGGUB.IS,2023-04-27,0.6,0.0
EGGUB,EGGUB.IS,2024-05-16,1.2,0.0
EGGUB,EGGUB.IS,2025-05-21,1.8,0.0
EGGUB,EGGUB.IS,2026-05-04,2.5,0.0
EKGYO,EKGYO.IS,2020-07-23,0.02017,0.0
EKGYO,EKGYO.IS,2021-05-05,0.0217,0.0
EKGYO,EKGYO.IS,2022-04-25,0.1027,0.0
EKGYO,EKGYO.IS,2023-04-12,0.239,0.0
EKGYO,EKGYO.IS,2025-06-16,0.4,0.0
EKGYO,EKGYO.IS,2026-06-24,0.6,0.0
ENERY,ENERY.IS,2024-07-25,0.005556,0.0
ENERY,ENERY.IS,2025-08-11,0.011111,0.0
ENJSA,ENJSA.IS,2021-04-09,0.96,0.0
ENJSA,ENJSA.IS,2022-04-11,1.24,0.0
ENJSA,ENJSA.IS,2023-04-12,2.3,0.0
ENJSA,ENJSA.IS,2024-05-02,2.79,0.0
ENJSA,ENJSA.IS,2025-04-21,2.87,0.0
ENJSA,ENJSA.IS,2026-04-13,5.08,0.0
ENKAI,ENKAI.IS,2021-04-13,0.333333,0.0
ENKAI,ENKAI.IS,2022-01-05,0.186667,0.0
ENKAI,ENKAI.IS,2022-04-13,0.466667,0.0
ENKAI,ENKAI.IS,2023-04-12,0.363333,0.0
ENKAI,ENKAI.IS,2024-01-03,0.5,0.0
ENKAI,ENKAI.IS,2024-05-14,1.25,0.0
ENKAI,ENKAI.IS,2025-04-16,2.0,0.0
ENKAI,ENKAI.IS,2025-06-11,0.316667,0.0
ENKAI,ENKAI.IS,2025-10-08,0.833333,0.0
ENKAI,ENKAI.IS,2026-01-14,0.833333,0.0
ENKAI,ENKAI.IS,2026-04-08,2.1,0.0
ERBOS,ERBOS.IS,2021-05-17,0.899998,0.0
ERBOS,ERBOS.IS,2022-04-25,1.574996,0.0
ERBOS,ERBOS.IS,2023-05-08,1.125,0.0
ERBOS,ERBOS.IS,2024-07-08,2.25,0.0
ERBOS,ERBOS.IS,2026-05-20,2.7,0.0
EREGL,EREGL.IS,2020-07-17,0.115,0.0
EREGL,EREGL.IS,2021-03-24,0.925,0.0
EREGL,EREGL.IS,2022-03-22,2.225,0.0
EREGL,EREGL.IS,2024-04-16,0.25,0.0
EREGL,EREGL.IS,2025-07-02,0.25,0.0
EREGL,EREGL.IS,2026-06-03,0.55,0.0
ESEN,ESEN.IS,2021-04-19,0.000247,0.0
ESEN,ESEN.IS,2022-08-10,0.00422,0.0
ESEN,ESEN.IS,2023-04-12,0.005495,0.0
FROTO,FROTO.IS,2021-03-24,0.642,0.0
FROTO,FROTO.IS,2021-11-19,0.372,0.0
FROTO,FROTO.IS,2022-03-24,1.3,0.0
FROTO,FROTO.IS,2022-11-30,0.57,0.0
FROTO,FROTO.IS,2023-03-13,1.425,0.0
FROTO,FROTO.IS,2023-10-30,2.976,0.0
FROTO,FROTO.IS,2024-04-08,4.33,0.0
FROTO,FROTO.IS,2024-11-22,1.425,0.0
FROTO,FROTO.IS,2025-04-03,1.71,0.0
FROTO,FROTO.IS,2025-12-03,6.05,0.0
FROTO,FROTO.IS,2026-03-16,3.64,0.0
GARAN,GARAN.IS,2021-04-05,0.148523,0.0
GARAN,GARAN.IS,2022-05-25,0.311269,0.0
GARAN,GARAN.IS,2023-04-14,2.089613,0.0
GARAN,GARAN.IS,2024-03-29,3.11899,0.0
GARAN,GARAN.IS,2025-03-28,4.389285,0.0
GARAN,GARAN.IS,2026-04-07,5.266887,0.0
GENIL,GENIL.IS,2022-04-13,0.024444,0.0
GENIL,GENIL.IS,2023-05-15,0.074074,0.0
GENIL,GENIL.IS,2024-06-07,0.024691,0.0
GENIL,GENIL.IS,2024-10-08,0.024691,0.0
GENIL,GENIL.IS,2025-05-07,0.008889,0.0
GENIL,GENIL.IS,2025-08-12,0.008889,0.0
GENIL,GENIL.IS,2025-11-12,0.008889,0.0
GLYHO,GLYHO.IS,2023-11-09,0.007692,0.0
GLYHO,GLYHO.IS,2024-10-24,0.041026,0.0
GLYHO,GLYHO.IS,2025-09-30,0.064103,0.0
GOLTS,GOLTS.IS,2021-07-13,0.2,0.0
GOLTS,GOLTS.IS,2022-10-20,0.2,0.0
GOLTS,GOLTS.IS,2023-07-31,3.5,0.0
GOLTS,GOLTS.IS,2024-10-03,11.12,0.0
GOLTS,GOLTS.IS,2025-12-05,5.0,0.0
GOLTS,GOLTS.IS,2026-07-17,4.166667,0.0
GRSEL,GRSEL.IS,2022-09-27,0.098039,0.0
GRSEL,GRSEL.IS,2023-10-27,0.098039,0.0
GRSEL,GRSEL.IS,2024-06-20,0.196078,0.0
GRSEL,GRSEL.IS,2024-10-21,0.196078,0.0
GRSEL,GRSEL.IS,2025-07-18,0.392157,0.0
GRSEL,GRSEL.IS,2025-07-25,0.392157,0.0
GRSEL,GRSEL.IS,2026-05-11,0.735294,0.0
GRSEL,GRSEL.IS,2026-05-18,0.735294,0.0
GRTHO,GRTHO.IS,2024-07-22,0.039733,0.0
GRTHO,GRTHO.IS,2024-09-13,0.039733,0.0
GRTHO,GRTHO.IS,2024-12-13,0.039733,0.0
GRTHO,GRTHO.IS,2026-05-22,0.449071,0.0
GRTHO,GRTHO.IS,2026-07-22,0.449071,0.0
GSDHO,GSDHO.IS,2022-08-26,0.1125,0.0
GSDHO,GSDHO.IS,2023-08-14,0.1,0.0
GWIND,GWIND.IS,2022-05-26,0.277778,0.0
GWIND,GWIND.IS,2023-05-05,0.509259,0.0
GWIND,GWIND.IS,2023-12-26,0.231481,0.0
GWIND,GWIND.IS,2024-08-27,0.809259,0.0
GWIND,GWIND.IS,2025-11-26,0.640741,0.0
HLGYO,HLGYO.IS,2021-04-07,0.001929,0.0
HLGYO,HLGYO.IS,2022-04-05,0.001245,0.0
HLGYO,HLGYO.IS,2023-08-11,0.002336,0.0
HLGYO,HLGYO.IS,2024-07-19,0.013352,0.0
HLGYO,HLGYO.IS,2025-06-18,0.004167,0.0
HLGYO,HLGYO.IS,2026-06-26,0.575521,0.0
INDES,INDES.IS,2021-05-28,0.058728,0.0
INDES,INDES.IS,2022-05-25,0.160001,0.0
INDES,INDES.IS,2023-05-02,0.25239,0.0
INDES,INDES.IS,2024-07-05,0.346669,0.0
INDES,INDES.IS,2026-07-01,0.217335,0.0
ISCTR,ISCTR.IS,2021-04-02,0.027244,0.0
ISCTR,ISCTR.IS,2022-03-29,0.053872,0.0
ISCTR,ISCTR.IS,2023-04-03,0.369221,0.0
ISCTR,ISCTR.IS,2024-04-01,0.289058,0.0
ISCTR,ISCTR.IS,2025-03-28,0.18207,0.0
ISCTR,ISCTR.IS,2026-04-01,0.539521,0.0
ISDMR,ISDMR.IS,2020-07-16,0.18,0.0
ISDMR,ISDMR.IS,2021-03-24,1.28,0.0
ISDMR,ISDMR.IS,2021-12-08,1.5,0.0
ISDMR,ISDMR.IS,2022-03-22,3.0,0.0
ISDMR,ISDMR.IS,2024-04-16,0.5,0.0
ISDMR,ISDMR.IS,2025-07-02,0.25,0.0
ISDMR,ISDMR.IS,2026-06-03,4.5,0.0
ISGYO,ISGYO.IS,2026-03-31,0.083442,0.0
ISMEN,ISMEN.IS,2021-03-31,0.236667,0.0
ISMEN,ISMEN.IS,2022-05-24,0.266667,0.0
ISMEN,ISMEN.IS,2023-05-26,0.503333,0.0
ISMEN,ISMEN.IS,2024-05-29,1.066667,0.0
ISMEN,ISMEN.IS,2025-03-28,5.666667,0.0
ISMEN,ISMEN.IS,2026-04-01,3.166667,0.0
JANTS,JANTS.IS,2021-04-06,0.095143,0.0
JANTS,JANTS.IS,2022-04-05,0.113458,0.0
JANTS,JANTS.IS,2023-05-03,0.252129,0.0
JANTS,JANTS.IS,2024-05-07,0.35298,0.0
JANTS,JANTS.IS,2025-05-06,0.030679,0.0
KARTN,KARTN.IS,2021-04-02,0.649748,0.0
KARTN,KARTN.IS,2022-04-05,1.825826,0.0
KARTN,KARTN.IS,2023-04-05,1.83715,0.0
KAYSE,KAYSE.IS,2023-09-19,0.011767,0.0
KAYSE,KAYSE.IS,2023-11-28,0.055973,0.0
KCAER,KCAER.IS,2023-05-29,0.078851,0.0
KCAER,KCAER.IS,2024-07-01,0.104439,0.0
KCAER,KCAER.IS,2025-07-02,0.086162,0.0
KCAER,KCAER.IS,2026-07-01,0.169713,0.0
KCHOL,KCHOL.IS,2021-04-14,0.585,0.0
KCHOL,KCHOL.IS,2022-04-07,0.902,0.0
KCHOL,KCHOL.IS,2023-03-27,1.733,0.0
KCHOL,KCHOL.IS,2024-04-24,8.0,0.0
KCHOL,KCHOL.IS,2025-04-10,6.88,0.0
KCHOL,KCHOL.IS,2026-03-25,6.83,0.0
KLSER,KLSER.IS,2024-06-25,0.194258,0.0
KMPUR,KMPUR.IS,2022-06-17,0.311063,0.0
KMPUR,KMPUR.IS,2023-07-14,0.614061,0.0
KMPUR,KMPUR.IS,2024-07-09,0.246812,0.0
KONTR,KONTR.IS,2021-08-27,0.005489,0.0
KONTR,KONTR.IS,2022-07-05,0.009878,0.0
KONTR,KONTR.IS,2023-07-12,0.023842,0.0
KONTR,KONTR.IS,2024-09-05,0.023842,0.0
KONTR,KONTR.IS,2025-07-08,0.015895,0.0
KORDS,KORDS.IS,2022-04-04,0.822499,0.0
KORDS,KORDS.IS,2023-03-29,0.293015,0.0
KRDMD,KRDMD.IS,2022-06-28,0.438596,0.0
KRDMD,KRDMD.IS,2022-11-28,0.438596,0.0
KRDMD,KRDMD.IS,2023-06-21,0.109649,0.0
KRDMD,KRDMD.IS,2023-11-28,0.109649,0.0
KRVGD,KRVGD.IS,2021-06-25,0.014815,0.0
KRVGD,KRVGD.IS,2022-07-05,0.019907,0.0
KRVGD,KRVGD.IS,2023-08-04,0.027778,0.0
KRVGD,KRVGD.IS,2024-07-02,0.034722,0.0
KRVGD,KRVGD.IS,2024-09-10,0.034722,0.0
KRVGD,KRVGD.IS,2026-06-18,0.036456,0.0
KTLEV,KTLEV.IS,2024-03-26,0.042055,0.0
KTLEV,KTLEV.IS,2025-04-21,0.028286,0.0
KTLEV,KTLEV.IS,2026-04-21,0.028571,0.0
KTLEV,KTLEV.IS,2026-04-28,0.028571,0.0
KTLEV,KTLEV.IS,2026-05-20,0.028571,0.0
KTLEV,KTLEV.IS,2026-06-23,0.028571,0.0
KTLEV,KTLEV.IS,2026-07-21,0.028571,0.0
LIDER,LIDER.IS,2022-07-27,0.026211,0.0
LIDER,LIDER.IS,2023-05-11,0.018182,0.0
LIDER,LIDER.IS,2023-07-12,0.018182,0.0
LIDER,LIDER.IS,2024-06-24,0.025,0.0
LIDER,LIDER.IS,2024-08-16,0.025,0.0
LIDER,LIDER.IS,2024-10-22,0.025,0.0
LIDER,LIDER.IS,2024-12-10,0.025,0.0
LIDER,LIDER.IS,2025-04-11,0.02852,0.0
LIDER,LIDER.IS,2025-06-12,0.02852,0.0
LIDER,LIDER.IS,2025-08-13,0.02852,0.0
LIDER,LIDER.IS,2025-10-13,0.02852,0.0
LIDER,LIDER.IS,2025-12-11,0.02852,0.0
LIDER,LIDER.IS,2026-05-06,0.035651,0.0
LIDER,LIDER.IS,2026-07-08,0.035651,0.0
LMKDC,LMKDC.IS,2025-05-15,1.0,0.0
LMKDC,LMKDC.IS,2026-06-02,2.0,0.0
LOGO,LOGO.IS,2021-04-19,0.3,0.0
LOGO,LOGO.IS,2022-05-16,0.9,0.0
LOGO,LOGO.IS,2023-05-24,1.5,0.0
LOGO,LOGO.IS,2024-06-12,4.0,0.0
LOGO,LOGO.IS,2025-06-12,5.263158,0.0
LOGO,LOGO.IS,2026-06-15,5.263158,0.0
MAGEN,MAGEN.IS,2022-08-10,0.018831,0.0
MAGEN,MAGEN.IS,2023-04-12,0.002702,0.0
MAVI,MAVI.IS,2021-07-30,0.038196,0.0
MAVI,MAVI.IS,2022-08-16,0.151576,0.0
MAVI,MAVI.IS,2023-05-10,0.540527,0.0
MAVI,MAVI.IS,2024-05-06,1.063476,0.0
MAVI,MAVI.IS,2025-05-26,1.17202,0.0
MAVI,MAVI.IS,2026-05-06,1.673042,0.0
MGROS,MGROS.IS,2023-05-30,2.606954,0.0
MGROS,MGROS.IS,2024-05-27,6.904009,0.0
MGROS,MGROS.IS,2024-11-13,2.872068,0.0
MGROS,MGROS.IS,2025-05-28,6.904009,0.0
MGROS,MGROS.IS,2025-11-12,3.590085,0.0
MGROS,MGROS.IS,2026-05-13,4.556646,0.0
NUHCM,NUHCM.IS,2021-03-30,1.5,0.0
NUHCM,NUHCM.IS,2022-03-28,2.15,0.0
NUHCM,NUHCM.IS,2023-02-27,4.6,0.0
NUHCM,NUHCM.IS,2023-12-05,1.0,0.0
NUHCM,NUHCM.IS,2024-02-27,6.0,0.0
NUHCM,NUHCM.IS,2025-01-06,2.9,0.0
NUHCM,NUHCM.IS,2025-03-25,10.1,0.0
NUHCM,NUHCM.IS,2026-03-17,22.5,0.0
OBAMS,OBAMS.IS,2024-10-15,0.107248,0.0
OBAMS,OBAMS.IS,2025-12-22,0.034916,0.0
OTKAR,OTKAR.IS,2021-03-24,3.333334,0.0
OTKAR,OTKAR.IS,2022-03-28,4.166666,0.0
OTKAR,OTKAR.IS,2024-04-03,6.0,0.0
OYAKC,OYAKC.IS,2025-10-30,1.0,0.0
PAPIL,PAPIL.IS,2021-08-11,0.002424,0.0
PAPIL,PAPIL.IS,2022-05-25,0.001455,0.0
PAPIL,PAPIL.IS,2023-08-09,0.009697,0.0
PAPIL,PAPIL.IS,2024-07-17,0.009697,0.0
PRKAB,PRKAB.IS,2020-07-09,0.010865,0.0
PRKAB,PRKAB.IS,2021-05-24,0.036792,0.0
PRKAB,PRKAB.IS,2022-05-25,0.053036,0.0
PRKAB,PRKAB.IS,2023-05-25,0.076331,0.0
PSGYO,PSGYO.IS,2023-12-27,0.010417,0.0
PSGYO,PSGYO.IS,2024-12-27,0.020833,0.0
PSGYO,PSGYO.IS,2025-12-29,0.011271,0.0
PSGYO,PSGYO.IS,2026-06-26,0.01019,0.0
RGYAS,RGYAS.IS,2025-12-18,1.639386,0.0
SAHOL,SAHOL.IS,2021-04-05,0.35,0.0
SAHOL,SAHOL.IS,2022-04-01,0.75,0.0
SAHOL,SAHOL.IS,2023-04-03,1.75,0.0
SAHOL,SAHOL.IS,2024-05-02,2.943,0.0
SAHOL,SAHOL.IS,2025-04-02,3.0,0.0
SAHOL,SAHOL.IS,2026-04-01,1.41356,0.0
SARKY,SARKY.IS,2020-07-13,0.0189,0.0
SARKY,SARKY.IS,2021-05-05,0.075,0.0
SARKY,SARKY.IS,2022-04-22,0.09,0.0
SARKY,SARKY.IS,2023-06-12,0.1,0.0
SARKY,SARKY.IS,2024-06-07,0.222222,0.0
SARKY,SARKY.IS,2025-04-25,0.247059,0.0
SARKY,SARKY.IS,2026-05-18,0.352941,0.0
SDTTR,SDTTR.IS,2023-06-16,0.387142,0.0
SDTTR,SDTTR.IS,2023-10-27,0.387142,0.0
SDTTR,SDTTR.IS,2023-11-24,0.387142,0.0
SDTTR,SDTTR.IS,2024-08-13,0.841759,0.0
SDTTR,SDTTR.IS,2024-11-25,0.841759,0.0
SDTTR,SDTTR.IS,2024-12-23,0.561173,0.0
SDTTR,SDTTR.IS,2025-11-24,0.085519,0.0
SDTTR,SDTTR.IS,2025-12-24,0.085519,0.0
SELEC,SELEC.IS,2021-04-20,0.17,0.0
SELEC,SELEC.IS,2022-04-18,0.5,0.0
SELEC,SELEC.IS,2023-04-18,0.25,0.0
SELEC,SELEC.IS,2024-04-18,0.25,0.0
SELEC,SELEC.IS,2025-04-17,0.4,0.0
SELEC,SELEC.IS,2026-04-17,0.44,0.0
SISE,SISE.IS,2021-05-31,0.163227,0.0
SISE,SISE.IS,2022-05-31,0.408068,0.0
SISE,SISE.IS,2023-05-31,0.685554,0.0
SISE,SISE.IS,2024-05-31,0.7182,0.0
SISE,SISE.IS,2025-05-30,0.652909,0.0
SISE,SISE.IS,2026-06-01,0.587618,0.0
SKBNK,SKBNK.IS,2023-04-10,0.045284,0.0
SKBNK,SKBNK.IS,2024-05-13,0.04931,0.0
SKBNK,SKBNK.IS,2025-06-24,0.05,0.0
SKBNK,SKBNK.IS,2026-06-08,0.064,0.0
SOKM,SOKM.IS,2021-07-01,0.130024,0.0
SOKM,SOKM.IS,2023-08-22,0.505655,0.0
SOKM,SOKM.IS,2024-07-01,1.685516,0.0
SOKM,SOKM.IS,2024-10-01,0.842758,0.0
TABGD,TABGD.IS,2024-07-08,0.560675,0.0
TABGD,TABGD.IS,2025-06-25,3.5,0.0
TABGD,TABGD.IS,2026-06-04,5.0,0.0
TAVHL,TAVHL.IS,2026-07-21,1.80499,0.0
TCELL,TCELL.IS,2020-11-30,0.368919,0.0
TCELL,TCELL.IS,2021-04-30,0.391785,0.0
TCELL,TCELL.IS,2021-07-30,0.391785,0.0
TCELL,TCELL.IS,2021-10-27,0.391785,0.0
TCELL,TCELL.IS,2022-07-26,0.571715,0.0
TCELL,TCELL.IS,2023-12-20,1.027273,0.0
TCELL,TCELL.IS,2024-12-05,2.853181,0.0
TCELL,TCELL.IS,2025-06-20,1.818182,0.0
TCELL,TCELL.IS,2025-12-26,1.818182,0.0
THYAO,THYAO.IS,2025-06-16,3.442029,0.0
THYAO,THYAO.IS,2025-09-02,3.442029,0.0
TKFEN,TKFEN.IS,2020-09-24,0.384226,0.0
TKFEN,TKFEN.IS,2021-01-05,0.192113,0.0
TKFEN,TKFEN.IS,2022-04-26,0.69375,0.0
TKFEN,TKFEN.IS,2023-04-12,1.408895,0.0
TKFEN,TKFEN.IS,2023-05-10,1.408895,0.0
TKFEN,TKFEN.IS,2025-12-31,0.331853,0.0
TOASO,TOASO.IS,2021-03-23,3.0,0.0
TOASO,TOASO.IS,2022-03-22,6.4,0.0
TOASO,TOASO.IS,2023-03-21,6.0,0.0
TOASO,TOASO.IS,2024-04-04,20.0,0.0
TOASO,TOASO.IS,2025-04-03,12.0,0.0
TOASO,TOASO.IS,2026-03-23,20.0,0.0
TRALT,TRALT.IS,2022-07-07,0.835682,0.0
TRALT,TRALT.IS,2023-07-14,0.4,0.0
TRGYO,TRGYO.IS,2023-05-29,0.2,0.0
TRGYO,TRGYO.IS,2024-07-22,2.35,0.0
TRGYO,TRGYO.IS,2025-06-04,3.5,0.0
TRGYO,TRGYO.IS,2026-05-21,5.0,0.0
TSKB,TSKB.IS,2021-03-29,0.026171,0.0
TSKB,TSKB.IS,2026-03-27,0.535793,0.0
TTKOM,TTKOM.IS,2020-07-28,0.1719,0.0
TTKOM,TTKOM.IS,2021-04-01,0.178336,0.0
TTKOM,TTKOM.IS,2021-07-01,0.178336,0.0
TTKOM,TTKOM.IS,2021-10-01,0.178336,0.0
TTKOM,TTKOM.IS,2022-04-28,1.41559,0.0
TTRAK,TTRAK.IS,2021-03-25,8.49432,0.0
TTRAK,TTRAK.IS,2022-03-28,11.991979,0.0
TTRAK,TTRAK.IS,2023-03-10,20.985966,0.0
TTRAK,TTRAK.IS,2024-04-01,62.957897,0.0
TTRAK,TTRAK.IS,2024-11-08,26.981956,0.0
TTRAK,TTRAK.IS,2025-04-02,48.467587,0.0
TUPRS,TUPRS.IS,2023-03-10,6.487455,0.0
TUPRS,TUPRS.IS,2023-09-29,15.050896,0.0
TUPRS,TUPRS.IS,2024-04-03,10.379928,0.0
TUPRS,TUPRS.IS,2024-09-27,11.936917,0.0
TUPRS,TUPRS.IS,2025-03-28,7.784946,0.0
TUPRS,TUPRS.IS,2025-09-30,7.421649,0.0
TUPRS,TUPRS.IS,2026-03-16,10.379928,0.0
TURSG,TURSG.IS,2021-04-09,0.02465,0.0
TURSG,TURSG.IS,2022-04-29,0.026511,0.0
TURSG,TURSG.IS,2023-09-04,0.007778,0.0
TURSG,TURSG.IS,2024-08-29,0.05,0.0
TURSG,TURSG.IS,2025-08-28,0.1,0.0
ULKER,ULKER.IS,2021-05-25,0.808771,0.0
ULKER,ULKER.IS,2025-06-19,8.069848,0.0
ULKER,ULKER.IS,2026-06-19,5.732842,0.0
ULUUN,ULUUN.IS,2023-05-08,0.27887,0.0
VERUS,VERUS.IS,2021-07-30,0.02,0.0
VERUS,VERUS.IS,2022-07-22,0.035,0.0
VERUS,VERUS.IS,2023-08-21,0.05,0.0
VERUS,VERUS.IS,2024-11-20,0.25,0.0
VESBE,VESBE.IS,2020-07-14,0.080479,0.0
VESBE,VESBE.IS,2021-05-31,0.166667,0.0
VESBE,VESBE.IS,2021-06-30,0.166667,0.0
VESBE,VESBE.IS,2021-07-30,0.166667,0.0
VESBE,VESBE.IS,2022-06-30,0.436443,0.0
VESBE,VESBE.IS,2023-07-31,0.220517,0.0
VESBE,VESBE.IS,2024-07-25,0.725926,0.0
VESBE,VESBE.IS,2025-07-24,0.043899,0.0
VESTL,VESTL.IS,2021-07-30,2.345794,0.0
VESTL,VESTL.IS,2021-09-30,2.345794,0.0
VESTL,VESTL.IS,2021-11-30,2.345794,0.0
YATAS,YATAS.IS,2020-12-21,0.14387,0.0
YATAS,YATAS.IS,2021-10-06,0.283838,0.0
YATAS,YATAS.IS,2022-08-16,0.667561,0.0
YATAS,YATAS.IS,2023-09-18,1.335123,0.0
YEOTK,YEOTK.IS,2022-05-16,0.009036,0.0
YEOTK,YEOTK.IS,2022-07-18,0.009036,0.0
YKBNK,YKBNK.IS,2021-04-01,0.059192,0.0
YKBNK,YKBNK.IS,2022-04-13,0.118384,0.0
YKBNK,YKBNK.IS,2023-03-20,0.93654,0.0
YKBNK,YKBNK.IS,2024-04-03,1.20764,0.0
YYLGD,YYLGD.IS,2023-08-31,0.147197,0.0
ZRGYO,ZRGYO.IS,2022-06-28,0.003172,0.0
ZRGYO,ZRGYO.IS,2023-09-27,0.004906,0.0
ZRGYO,ZRGYO.IS,2024-09-26,0.041836,0.0
ZRGYO,ZRGYO.IS,2025-09-26,0.061062,0.0
ZRGYO,ZRGYO.IS,2026-06-25,0.09295,0.0
