ticker,date,kind,value
A1YEN,2026-05-08,SPLIT,10.90909
AAGYO,2026-06-17,DIVIDEND,0.42796
ACSEL,2023-07-31,DIVIDEND,0.15
ACSEL,2024-11-12,DIVIDEND,0.2
ADEL,2023-09-27,DIVIDEND,0.069273
ADEL,2024-09-26,DIVIDEND,0.577209
ADEL,2025-09-26,DIVIDEND,0.5773
ADEL,2024-09-04,SPLIT,11.0
ADESE,2025-10-21,SPLIT,5.0
AEFES,2023-09-18,DIVIDEND,0.10657
AEFES,2024-05-28,DIVIDEND,0.235
AEFES,2025-05-27,DIVIDEND,0.1274
AEFES,2026-05-13,DIVIDEND,0.16975
AEFES,2025-06-26,SPLIT,10.0
AFYON,2023-06-01,DIVIDEND,0.2
AFYON,2024-06-03,DIVIDEND,0.4
AFYON,2025-04-08,DIVIDEND,1.0
AFYON,2026-04-01,DIVIDEND,1.5
AGHOL,2024-05-29,DIVIDEND,0.287434
AGHOL,2025-05-28,DIVIDEND,0.513274
AGHOL,2026-05-20,DIVIDEND,0.698053
AGHOL,2025-08-06,SPLIT,10.0
AGROT,2026-01-07,SPLIT,2.0
AGYO,2024-10-30,DIVIDEND,0.1
AHGAZ,2024-07-24,DIVIDEND,0.019231
AHGAZ,2026-08-24,DIVIDEND,0.057692
AHGAZ,2023-06-06,SPLIT,12.5
AHSGY,2026-06-24,DIVIDEND,0.07623
AHSGY,2025-12-01,SPLIT,3.7
AKCNS,2024-04-15,DIVIDEND,6.006882
AKCNS,2025-03-24,DIVIDEND,6.268051
AKCNS,2026-06-01,DIVIDEND,1.880415
AKFGY,2026-09-15,DIVIDEND,0.013676
AKFIS,2026-08-18,SPLIT,6.0
AKFYE,2026-09-21,SPLIT,6.0
AKMGY,2024-04-17,DIVIDEND,7.77
AKMGY,2025-04-09,DIVIDEND,12.64
AKMGY,2025-08-18,DIVIDEND,2.4
AKMGY,2026-04-15,DIVIDEND,12.36
AKMGY,2026-08-11,DIVIDEND,3.7
AKSA,2024-04-03,DIVIDEND,0.416667
AKSA,2025-05-21,DIVIDEND,0.48
AKSA,2026-04-03,DIVIDEND,0.58
AKSA,2024-07-24,SPLIT,12.0
AKSEN,2024-06-06,DIVIDEND,1.304697
AKSGY,2024-05-08,DIVIDEND,0.024845
AKSGY,2025-05-05,DIVIDEND,0.124224
AKSGY,2026-04-20,DIVIDEND,0.455487
AKSGY,2024-10-16,SPLIT,3.0
ALARK,2023-06-01,DIVIDEND,0.7
ALARK,2023-08-25,DIVIDEND,0.35
ALARK,2023-11-15,DIVIDEND,0.23
ALARK,2024-05-30,DIVIDEND,0.9686
ALARK,2025-04-17,DIVIDEND,2.6
ALARK,2026-05-04,DIVIDEND,3.185
ALCAR,2025-04-10,DIVIDEND,63.2175
ALFAS,2024-08-14,DIVIDEND,0.815217
ALFAS,2025-09-30,DIVIDEND,0.163043
ALFAS,2023-08-29,SPLIT,8.0
ALGYO,2024-06-03,DIVIDEND,0.003571
ALGYO,2026-05-12,DIVIDEND,0.05
ALGYO,2023-06-15,SPLIT,2.25
ALGYO,2024-09-13,SPLIT,2.0
ALGYO,2026-01-15,SPLIT,7.0
ALKA,2024-12-09,SPLIT,4.0
ALKIM,2024-12-09,SPLIT,2.0
ALKLC,2024-12-20,DIVIDEND,0.088998
ALKLC,2025-07-22,DIVIDEND,0.008152
ALKLC,2025-09-22,DIVIDEND,0.008152
ALKLC,2025-10-22,DIVIDEND,0.008152
ALKLC,2025-12-22,DIVIDEND,0.008152
ALTNY,2025-12-26,SPLIT,4.25
ALVES,2026-01-20,SPLIT,10.0
ARASE,2023-07-17,DIVIDEND,0.338289
ARASE,2024-09-23,DIVIDEND,0.913671
ARASE,2025-08-18,DIVIDEND,2.2
ARASE,2026-06-24,DIVIDEND,2.0
ARASE,2023-07-03,SPLIT,3.731343
ARCLK,2023-09-25,DIVIDEND,2.663793
ARDYZ,2023-12-25,DIVIDEND,0.015294
ARDYZ,2024-07-03,DIVIDEND,0.022412
ARDYZ,2025-11-17,DIVIDEND,0.032448
ARSAN,2025-08-25,SPLIT,8.6182666
ARZUM,2023-07-26,DIVIDEND,0.030507
ARZUM,2025-02-26,SPLIT,9.3138776
ASELS,2023-11-22,DIVIDEND,0.087719
ASELS,2024-11-25,DIVIDEND,0.111842
ASELS,2025-11-25,DIVIDEND,0.234649
ASELS,2023-08-25,SPLIT,2.0
ASGYO,2024-07-03,DIVIDEND,0.2
ASGYO,2026-04-01,DIVIDEND,0.168319
ASTOR,2024-07-31,DIVIDEND,1.320483
ASTOR,2025-08-18,DIVIDEND,1.512088
ASUZU,2024-05-29,DIVIDEND,1.984127
ASUZU,2025-05-26,DIVIDEND,1.984127
ASUZU,2026-05-12,DIVIDEND,2.380952
ASUZU,2024-01-15,SPLIT,3.0
ATAKP,2024-07-08,DIVIDEND,0.879165
ATAKP,2025-06-25,DIVIDEND,0.55
ATAKP,2026-06-04,DIVIDEND,0.7
ATATP,2023-06-14,DIVIDEND,0.299483
ATATP,2024-12-18,DIVIDEND,0.316714
ATATP,2025-06-20,DIVIDEND,0.699205
ATATP,2026-06-10,DIVIDEND,1.0
AVPGY,2024-04-17,DIVIDEND,0.7
AVPGY,2024-05-29,DIVIDEND,0.7
AVPGY,2024-07-22,DIVIDEND,0.7
AVPGY,2025-04-25,DIVIDEND,1.5
AVPGY,2025-07-09,DIVIDEND,1.5
AVPGY,2025-10-14,DIVIDEND,1.9375
AVPGY,2026-05-20,DIVIDEND,2.5
AVPGY,2026-06-05,DIVIDEND,2.5
AYDEM,2024-07-30,DIVIDEND,0.545756
AYEN,2024-07-01,DIVIDEND,0.613554
AYEN,2024-07-31,DIVIDEND,0.613554
AYEN,2024-08-29,DIVIDEND,0.613554
AYEN,2024-09-30,DIVIDEND,0.613554
AYEN,2024-10-31,DIVIDEND,0.613554
AYEN,2024-11-29,DIVIDEND,0.613554
AYEN,2025-04-21,DIVIDEND,0.249284
AYEN,2025-05-21,DIVIDEND,0.249284
AYEN,2025-06-23,DIVIDEND,0.249284
AYEN,2025-07-21,DIVIDEND,0.249284
AYEN,2025-08-21,DIVIDEND,0.249284
AYEN,2025-09-22,DIVIDEND,0.249284
AYEN,2026-04-21,DIVIDEND,0.781033
AYES,2023-06-01,DIVIDEND,0.048981
AYES,2024-09-02,DIVIDEND,0.060113
AYES,2025-07-07,DIVIDEND,0.088235
AYES,2026-06-01,DIVIDEND,0.352941
AYES,2024-09-24,SPLIT,4.9906177000000005
AYGAZ,2024-04-04,DIVIDEND,6.85
AYGAZ,2025-04-02,DIVIDEND,12.55
AYGAZ,2026-03-16,DIVIDEND,12.55
AZTEK,2023-07-31,DIVIDEND,0.105772
AZTEK,2024-05-07,DIVIDEND,0.250369
AZTEK,2025-05-28,DIVIDEND,0.135869
AZTEK,2025-12-01,SPLIT,10.0
BAGFS,2023-07-10,DIVIDEND,0.12994
BAKAB,2024-02-07,SPLIT,2.0
BALSU,2025-11-14,DIVIDEND,0.176259
BASGZ,2023-10-11,DIVIDEND,0.45
BASGZ,2024-06-12,DIVIDEND,2.2
BASGZ,2024-10-16,DIVIDEND,0.8
BASGZ,2025-07-18,DIVIDEND,2.0
BASGZ,2026-06-18,DIVIDEND,2.0
BAYRK,2025-12-30,SPLIT,4.4275063999999995
BEGYO,2025-10-13,DIVIDEND,0.021472
BEGYO,2025-12-15,DIVIDEND,0.021472
BEGYO,2026-02-16,DIVIDEND,0.021472
BEGYO,2026-04-15,DIVIDEND,0.021472
BEGYO,2026-08-20,DIVIDEND,0.030675
BERA,2023-09-18,DIVIDEND,0.05
BEYAZ,2024-04-22,DIVIDEND,0.110345
BEYAZ,2025-05-21,DIVIDEND,0.110345
BEYAZ,2026-05-13,DIVIDEND,0.30094
BFREN,2023-09-26,DIVIDEND,0.498191
BFREN,2024-02-26,SPLIT,12.2547
BIGCH,2024-05-31,DIVIDEND,0.12757
BIGCH,2025-07-31,DIVIDEND,0.145794
BIGCH,2026-09-18,DIVIDEND,0.1
BIGCH,2026-02-11,SPLIT,5.0
BIMAS,2023-06-14,DIVIDEND,1.0
BIMAS,2023-12-20,DIVIDEND,1.5
BIMAS,2024-07-17,DIVIDEND,1.0
BIMAS,2024-10-02,DIVIDEND,2.0
BIMAS,2024-12-18,DIVIDEND,2.0
BIMAS,2025-06-18,DIVIDEND,2.0
BIMAS,2025-09-17,DIVIDEND,2.0
BIMAS,2025-12-17,DIVIDEND,2.5
BIMAS,2026-06-17,DIVIDEND,2.0
BIMAS,2026-09-16,DIVIDEND,2.5
BIMAS,2026-05-14,SPLIT,2.0
BINHO,2025-09-04,SPLIT,27.45
BIZIM,2023-10-09,DIVIDEND,0.833333
BLCYT,2026-09-01,SPLIT,10.0
BMSCH,2025-03-26,SPLIT,2.7712344
BMSTL,2023-10-23,SPLIT,2.0
BMSTL,2024-11-26,SPLIT,2.053388
BMSTL,2026-07-01,SPLIT,2.0
BOBET,2024-05-07,DIVIDEND,0.75
BOBET,2024-08-07,DIVIDEND,0.375
BOBET,2024-10-07,DIVIDEND,0.375
BOBET,2025-07-08,DIVIDEND,0.2
BOBET,2026-08-05,DIVIDEND,0.4
BORLS,2024-08-20,DIVIDEND,0.004718
BORLS,2025-07-18,SPLIT,4.1493774000000005
BORSK,2024-12-06,DIVIDEND,0.111458
BORSK,2025-11-25,DIVIDEND,0.208333
BORSK,2025-12-10,SPLIT,4.0
BOSSA,2023-06-26,SPLIT,1.8258426
BOSSA,2024-09-11,SPLIT,2.0
BRISA,2024-04-24,DIVIDEND,3.394
BRISA,2025-03-28,DIVIDEND,2.1296
BRKSN,2023-06-20,DIVIDEND,0.017806
BRKSN,2023-09-19,DIVIDEND,0.019231
BRKSN,2024-07-25,DIVIDEND,0.027778
BRKSN,2024-10-22,DIVIDEND,0.027778
BRKSN,2026-07-03,DIVIDEND,0.058824
BRKSN,2026-09-04,DIVIDEND,0.058824
BRKSN,2025-05-22,SPLIT,3.0
BRLSM,2023-06-13,DIVIDEND,0.116193
BRYAT,2024-04-18,DIVIDEND,46.1987
BRYAT,2025-04-24,DIVIDEND,58.566593
BRYAT,2026-04-08,DIVIDEND,166.14581
BTCIM,2025-01-14,SPLIT,31.0
BUCIM,2023-12-27,DIVIDEND,0.05
BUCIM,2024-09-30,DIVIDEND,0.066667
BUCIM,2025-06-18,DIVIDEND,0.066667
BURCE,2024-07-09,DIVIDEND,0.163224
BURCE,2024-11-28,SPLIT,10.0
BVSAN,2024-10-21,DIVIDEND,0.768032
BVSAN,2025-12-02,DIVIDEND,0.960597
BYDNR,2025-05-14,DIVIDEND,0.713012
CANTE,2024-06-26,SPLIT,7.4617566
CCOLA,2024-05-27,DIVIDEND,0.714782
CCOLA,2025-05-26,DIVIDEND,1.0722
CCOLA,2026-05-12,DIVIDEND,1.43
CCOLA,2024-08-13,SPLIT,11.0
CEMTS,2024-04-29,DIVIDEND,0.15
CEMTS,2025-05-28,DIVIDEND,0.22
CEMTS,2026-06-24,DIVIDEND,0.3
CEMZY,2026-04-28,SPLIT,5.721393000000001
CIMSA,2024-04-29,DIVIDEND,1.05754
CIMSA,2025-04-02,DIVIDEND,0.634524
CIMSA,2026-04-01,DIVIDEND,0.740278
CIMSA,2023-09-29,SPLIT,7.0
CLEBI,2024-04-24,DIVIDEND,63.0
CLEBI,2025-04-24,DIVIDEND,147.5
CLEBI,2026-04-24,DIVIDEND,103.0
CMENT,2024-12-26,DIVIDEND,8.179082
CVKMD,2025-02-06,SPLIT,33.3333
CWENE,2024-08-29,DIVIDEND,0.087953
CWENE,2024-12-04,SPLIT,8.080808
CWENE,2025-11-06,SPLIT,1.07829
DAGI,2025-02-19,SPLIT,3.0792917
DAPGM,2023-06-21,SPLIT,1.925
DAPGM,2024-08-06,SPLIT,6.4071686
DCTTR,2024-10-31,DIVIDEND,0.003787
DCTTR,2024-11-29,DIVIDEND,0.003787
DCTTR,2024-12-31,DIVIDEND,0.003787
DCTTR,2025-12-23,SPLIT,3.0
DERHL,2026-08-10,SPLIT,5.0140533
DESA,2025-09-25,DIVIDEND,0.072029
DESA,2025-10-30,DIVIDEND,0.084034
DESA,2025-11-27,DIVIDEND,0.084034
DESA,2023-06-20,SPLIT,4.977452
DESA,2025-01-15,SPLIT,2.0
DEVA,2024-06-25,DIVIDEND,0.25
DGNMO,2024-11-20,DIVIDEND,0.285714
DMRGD,2025-12-11,SPLIT,8.0
DNISI,2023-06-07,SPLIT,1.5
DNISI,2026-08-19,SPLIT,4.3431732
DOAS,2023-08-24,DIVIDEND,11.363636
DOAS,2023-11-24,DIVIDEND,5.681818
DOAS,2024-04-19,DIVIDEND,40.909092
DOAS,2024-09-02,DIVIDEND,10.0
DOAS,2025-05-20,DIVIDEND,27.272726
DOAS,2026-04-13,DIVIDEND,15.0
DOAS,2026-08-13,DIVIDEND,15.0
DOCO,2023-07-24,DIVIDEND,55.83934
DOCO,2025-07-17,DIVIDEND,111.67868
DOCO,2026-07-28,DIVIDEND,139.59836
DOFER,2024-07-03,DIVIDEND,0.627803
DOFER,2026-07-02,DIVIDEND,0.189924
DOHOL,2023-06-16,DIVIDEND,0.185331
DOHOL,2024-07-08,DIVIDEND,0.05
DOHOL,2025-09-01,DIVIDEND,0.305694
DURDO,2023-09-19,DIVIDEND,0.0112
DURDO,2023-10-17,DIVIDEND,0.0112
DURDO,2023-11-21,DIVIDEND,0.0112
DURDO,2023-12-19,DIVIDEND,0.0112
DURDO,2024-07-23,DIVIDEND,0.02
DURDO,2024-01-24,SPLIT,2.8571
DURDO,2025-03-11,SPLIT,5.0
DURKN,2025-08-14,DIVIDEND,0.032698
DURKN,2025-11-14,DIVIDEND,0.032698
DYOBY,2024-08-28,SPLIT,3.0
EBEBK,2024-10-15,DIVIDEND,0.25
EBEBK,2024-12-16,DIVIDEND,0.25
EBEBK,2025-10-15,DIVIDEND,0.5
EBEBK,2025-12-15,DIVIDEND,0.5
ECILC,2024-06-05,DIVIDEND,1.18
ECILC,2025-05-14,DIVIDEND,1.75116
ECILC,2026-05-06,DIVIDEND,1.75116
ECZYT,2024-06-05,DIVIDEND,5.2
ECZYT,2025-05-14,DIVIDEND,6.666667
ECZYT,2026-05-06,DIVIDEND,5.714286
EDATA,2025-02-07,SPLIT,2.979037
EFOR,2025-08-15,DIVIDEND,0.022957
EFOR,2025-11-28,SPLIT,6.0
EGEEN,2024-05-29,DIVIDEND,103.0
EGEEN,2025-03-28,DIVIDEND,53.0
EGEGY,2026-06-26,DIVIDEND,0.3
EGEPO,2025-03-19,SPLIT,4.0
EGGUB,2024-05-16,DIVIDEND,1.2
EGGUB,2025-05-21,DIVIDEND,1.8
EGGUB,2026-05-04,DIVIDEND,2.5
EGGUB,2023-12-20,SPLIT,2.5
EGPRO,2023-07-13,DIVIDEND,0.288919
EGPRO,2023-09-14,DIVIDEND,0.236088
EGPRO,2024-01-09,DIVIDEND,0.135383
EGPRO,2024-03-26,DIVIDEND,0.79132
EGPRO,2024-06-25,DIVIDEND,0.50459
EGPRO,2024-08-26,DIVIDEND,0.50459
EGPRO,2025-05-20,DIVIDEND,0.5
EGPRO,2025-11-20,DIVIDEND,0.5
EGPRO,2026-05-14,DIVIDEND,0.642202
EGPRO,2026-07-16,DIVIDEND,0.642202
EGPRO,2025-01-14,SPLIT,6.729991
EKGYO,2025-06-16,DIVIDEND,0.4
EKGYO,2026-06-24,DIVIDEND,0.6
EKOS,2025-12-26,SPLIT,4.0
EKSUN,2024-07-10,SPLIT,8.571428
ELITE,2023-06-23,DIVIDEND,0.231481
ELITE,2023-12-27,DIVIDEND,0.231481
ELITE,2024-12-11,DIVIDEND,0.05
ELITE,2025-12-05,DIVIDEND,0.05
EMPAE,2026-06-18,DIVIDEND,0.1
ENERY,2024-07-25,DIVIDEND,0.005556
ENERY,2025-08-11,DIVIDEND,0.011111
ENERY,2026-08-25,DIVIDEND,0.016667
ENERY,2025-03-13,SPLIT,62.068965
ENJSA,2024-05-02,DIVIDEND,2.79
ENJSA,2025-04-21,DIVIDEND,2.87
ENJSA,2026-04-13,DIVIDEND,5.08
ENKAI,2024-01-03,DIVIDEND,0.5
ENKAI,2024-05-14,DIVIDEND,1.25
ENKAI,2025-04-16,DIVIDEND,2.0
ENKAI,2025-06-11,DIVIDEND,0.316667
ENKAI,2025-10-08,DIVIDEND,0.833333
ENKAI,2026-01-14,DIVIDEND,0.833333
ENKAI,2026-04-08,DIVIDEND,2.1
ENSRI,2025-12-10,SPLIT,4.6746576
ENTRA,2026-06-01,SPLIT,2.0
EPLAS,2023-08-29,SPLIT,6.850353999999999
ERBOS,2024-07-08,DIVIDEND,2.25
ERBOS,2026-05-20,DIVIDEND,2.7
EREGL,2024-04-16,DIVIDEND,0.25
EREGL,2025-07-02,DIVIDEND,0.25
EREGL,2026-06-03,DIVIDEND,0.55
EREGL,2024-11-27,SPLIT,2.0
ESCAR,2023-11-07,DIVIDEND,0.18462
ESCAR,2024-06-26,DIVIDEND,0.12489
ESCAR,2024-10-01,DIVIDEND,0.12489
ESCAR,2025-04-22,DIVIDEND,0.12
ESCAR,2025-07-22,DIVIDEND,0.12
ESCAR,2025-09-22,DIVIDEND,0.12
ESCAR,2024-11-29,SPLIT,9.208103
ESCOM,2025-02-28,SPLIT,14.099070999999999
ESEN,2023-11-29,SPLIT,5.7732066
ESEN,2025-08-12,SPLIT,7.0
ETILR,2024-12-20,SPLIT,3.0
EUPWR,2024-10-08,SPLIT,3.0
EUREN,2024-12-05,SPLIT,2.7631577
EYGYO,2024-09-30,DIVIDEND,0.016971
EYGYO,2024-10-31,DIVIDEND,0.016971
EYGYO,2025-12-25,DIVIDEND,0.028571
EYGYO,2025-02-13,SPLIT,3.5
FLAP,2024-09-24,DIVIDEND,0.065643
FLAP,2025-09-12,DIVIDEND,0.069333
FMIZP,2025-03-28,DIVIDEND,0.705068
FMIZP,2026-03-27,DIVIDEND,4.756029
FONET,2023-12-11,SPLIT,3.6
FONET,2025-10-20,SPLIT,6.5
FORTE,2024-12-11,DIVIDEND,0.112768
FRIGO,2026-05-13,SPLIT,2.8891424999999997
FROTO,2023-10-30,DIVIDEND,2.976
FROTO,2024-04-08,DIVIDEND,4.33
FROTO,2024-11-22,DIVIDEND,1.425
FROTO,2025-04-03,DIVIDEND,1.71
FROTO,2025-12-03,DIVIDEND,6.05
FROTO,2026-03-16,DIVIDEND,3.64
FROTO,2025-05-07,SPLIT,10.0
FZLGY,2025-08-18,SPLIT,3.9308175999999997
GEDZA,2023-09-04,SPLIT,2.0
GENIL,2024-06-07,DIVIDEND,0.024691
GENIL,2024-10-08,DIVIDEND,0.024691
GENIL,2025-05-07,DIVIDEND,0.008889
GENIL,2025-08-12,DIVIDEND,0.008889
GENIL,2025-11-12,DIVIDEND,0.008889
GENIL,2026-08-04,DIVIDEND,0.016133
GENIL,2026-02-10,SPLIT,15.0
GENKM,2026-07-14,DIVIDEND,0.205255
GENTS,2024-05-31,DIVIDEND,0.066667
GENTS,2025-05-14,DIVIDEND,0.06
GENTS,2025-07-16,DIVIDEND,0.06
GENTS,2026-05-20,DIVIDEND,0.156863
GENTS,2023-06-20,SPLIT,1.3378387
GENTS,2025-08-28,SPLIT,2.5
GEREL,2024-09-30,SPLIT,3.0
GIPTA,2024-07-03,DIVIDEND,0.234661
GIPTA,2025-06-17,DIVIDEND,1.060606
GIPTA,2026-05-12,DIVIDEND,1.529735
GIPTA,2026-07-14,DIVIDEND,0.007765
GIPTA,2026-09-22,DIVIDEND,0.007765
GLRYH,2025-01-20,SPLIT,3.0
GLYHO,2023-11-09,DIVIDEND,0.007692
GLYHO,2024-10-24,DIVIDEND,0.041026
GLYHO,2025-09-30,DIVIDEND,0.064103
GLYHO,2025-02-12,SPLIT,3.0
GMTAS,2023-06-07,DIVIDEND,0.088415
GMTAS,2025-05-07,DIVIDEND,0.2984
GMTAS,2026-01-16,SPLIT,2.0107237000000002
GOKNR,2024-10-15,DIVIDEND,0.3
GOKNR,2025-10-15,DIVIDEND,0.357143
GOKNR,2026-08-10,DIVIDEND,0.306293
GOLTS,2023-07-31,DIVIDEND,3.5
GOLTS,2024-10-03,DIVIDEND,11.12
GOLTS,2025-12-05,DIVIDEND,5.0
GOLTS,2026-07-17,DIVIDEND,4.166667
GOODY,2026-07-02,SPLIT,5.6296295
GRSEL,2023-10-27,DIVIDEND,0.098039
GRSEL,2024-06-20,DIVIDEND,0.196078
GRSEL,2024-10-21,DIVIDEND,0.196078
GRSEL,2025-07-18,DIVIDEND,0.392157
GRSEL,2025-07-25,DIVIDEND,0.392157
GRSEL,2026-05-11,DIVIDEND,0.735294
GRSEL,2026-05-18,DIVIDEND,0.735294
GRTHO,2024-07-22,DIVIDEND,0.039733
GRTHO,2024-09-13,DIVIDEND,0.039733
GRTHO,2024-12-13,DIVIDEND,0.039733
GRTHO,2026-05-22,DIVIDEND,0.449071
GRTHO,2026-07-22,DIVIDEND,0.449071
GSDHO,2023-08-14,DIVIDEND,0.1
GUNDG,2025-09-26,DIVIDEND,0.051282
GUNDG,2025-10-31,DIVIDEND,0.051282
GUNDG,2025-11-28,DIVIDEND,0.051282
GWIND,2023-12-26,DIVIDEND,0.231481
GWIND,2024-08-27,DIVIDEND,0.809259
GWIND,2025-11-26,DIVIDEND,0.640741
GWIND,2023-07-28,SPLIT,1.0097393
HEDEF,2024-08-19,SPLIT,5.0
HEDEF,2026-06-03,SPLIT,1.5388908000000001
HKTM,2023-07-03,DIVIDEND,0.036667
HKTM,2024-02-28,SPLIT,3.0
HLGYO,2023-08-11,DIVIDEND,0.002336
HLGYO,2024-07-19,DIVIDEND,0.013352
HLGYO,2025-06-18,DIVIDEND,0.004167
HLGYO,2026-06-26,DIVIDEND,0.575521
HLGYO,2023-09-19,SPLIT,1.0477707
HLGYO,2024-09-04,SPLIT,1.1701112
HLGYO,2025-06-18,SPLIT,1.0434782
HLGYO,2025-09-18,SPLIT,1.0434782
HRKET,2026-09-21,SPLIT,14.0
HTTBT,2024-11-27,SPLIT,2.3529411
IHAAS,2023-06-26,SPLIT,2.546875
IHEVA,2023-12-12,DIVIDEND,0.02
IMASM,2024-09-19,SPLIT,4.0
INDES,2024-07-05,DIVIDEND,0.346669
INDES,2026-07-01,DIVIDEND,0.217335
INDES,2023-11-30,SPLIT,3.348214
INVEO,2024-08-02,SPLIT,4.1666666
ISBIR,2024-07-16,DIVIDEND,1.0
ISBIR,2025-08-20,DIVIDEND,1.0
ISBIR,2026-07-13,DIVIDEND,1.0
ISDMR,2024-04-16,DIVIDEND,0.5
ISDMR,2025-07-02,DIVIDEND,0.25
ISDMR,2026-06-03,DIVIDEND,4.5
ISGYO,2026-03-31,DIVIDEND,0.083442
ISKPL,2023-06-22,DIVIDEND,0.001745
ISKPL,2025-06-26,DIVIDEND,0.001677
ISKPL,2026-06-26,DIVIDEND,0.000431
ISKPL,2025-08-06,SPLIT,7.04495
ISSEN,2023-06-12,DIVIDEND,0.06
ISSEN,2024-08-15,DIVIDEND,0.06
ISSEN,2025-08-15,DIVIDEND,0.09
ISSEN,2026-06-30,DIVIDEND,0.04
IZENR,2024-11-29,SPLIT,4.25
IZFAS,2025-12-09,SPLIT,2.0
JANTS,2024-05-07,DIVIDEND,0.35298
JANTS,2025-05-06,DIVIDEND,0.030679
JANTS,2024-05-31,SPLIT,7.932461
KAYSE,2023-09-19,DIVIDEND,0.011767
KAYSE,2023-11-28,DIVIDEND,0.055973
KAYSE,2026-01-06,SPLIT,4.2492917
KBORU,2024-06-26,DIVIDEND,0.087915
KBORU,2025-06-24,DIVIDEND,0.214821
KBORU,2025-06-04,SPLIT,6.0
KCAER,2024-07-01,DIVIDEND,0.104439
KCAER,2025-07-02,DIVIDEND,0.086162
KCAER,2026-07-01,DIVIDEND,0.169713
KCAER,2024-11-28,SPLIT,2.5178407000000003
KCHOL,2024-04-24,DIVIDEND,8.0
KCHOL,2025-04-10,DIVIDEND,6.88
KCHOL,2026-03-25,DIVIDEND,6.83
KFEIN,2024-07-01,DIVIDEND,0.020253
KFEIN,2025-05-20,DIVIDEND,0.03038
KFEIN,2026-05-04,DIVIDEND,0.020253
KFEIN,2025-08-14,SPLIT,10.0
KGYO,2025-03-12,SPLIT,16.27965
KIMMR,2026-06-30,DIVIDEND,0.208333
KLKIM,2024-06-12,DIVIDEND,0.141304
KLKIM,2025-05-06,DIVIDEND,0.434783
KLKIM,2026-05-08,DIVIDEND,0.652174
KLKIM,2023-09-27,SPLIT,4.0
KLMSN,2023-06-01,DIVIDEND,0.075758
KLSER,2024-06-25,DIVIDEND,0.194258
KLSYN,2023-06-12,DIVIDEND,0.033334
KLSYN,2025-07-14,DIVIDEND,0.12
KLSYN,2026-08-17,DIVIDEND,0.15
KMPUR,2023-07-14,DIVIDEND,0.614061
KMPUR,2024-07-09,DIVIDEND,0.246812
KMPUR,2023-08-09,SPLIT,2.0
KMPUR,2024-09-18,SPLIT,2.0
KNFRT,2024-01-29,SPLIT,2.0
KOCMT,2025-09-24,SPLIT,5.4945056
KONKA,2023-07-25,DIVIDEND,0.272207
KONKA,2025-10-24,SPLIT,3.0
KONTR,2023-07-12,DIVIDEND,0.023842
KONTR,2024-09-05,DIVIDEND,0.023842
KONTR,2025-07-08,DIVIDEND,0.015895
KONTR,2024-07-19,SPLIT,2.25
KOPOL,2024-12-03,SPLIT,6.0
KORDS,2026-09-14,SPLIT,18.999012
KRDMA,2023-06-21,DIVIDEND,0.109649
KRDMA,2023-11-28,DIVIDEND,0.109649
KRDMB,2023-06-21,DIVIDEND,0.109649
KRDMB,2023-11-28,DIVIDEND,0.109649
KRDMD,2023-06-21,DIVIDEND,0.109649
KRDMD,2023-11-28,DIVIDEND,0.109649
KRGYO,2026-05-15,DIVIDEND,0.038384
KRGYO,2024-12-11,SPLIT,5.0
KRPLS,2023-11-17,DIVIDEND,0.055551
KRVGD,2023-08-04,DIVIDEND,0.027778
KRVGD,2024-07-02,DIVIDEND,0.034722
KRVGD,2024-09-10,DIVIDEND,0.034722
KRVGD,2026-06-18,DIVIDEND,0.036456
KRVGD,2024-08-02,SPLIT,9.0
KSTUR,2024-05-08,DIVIDEND,6.435846
KSTUR,2025-04-21,DIVIDEND,14.0
KSTUR,2026-04-20,DIVIDEND,16.0
KTSKR,2023-12-26,DIVIDEND,2.173913
KTSKR,2025-12-29,DIVIDEND,6.521739
KUYAS,2024-11-27,SPLIT,4.0
KZBGY,2025-01-07,SPLIT,4.0
KZBGY,2026-02-17,SPLIT,3.3333334000000003
LIDER,2023-07-12,DIVIDEND,0.018182
LIDER,2024-06-24,DIVIDEND,0.025
LIDER,2024-08-16,DIVIDEND,0.025
LIDER,2024-10-22,DIVIDEND,0.025
LIDER,2024-12-10,DIVIDEND,0.025
LIDER,2025-04-11,DIVIDEND,0.02852
LIDER,2025-06-12,DIVIDEND,0.02852
LIDER,2025-08-13,DIVIDEND,0.02852
LIDER,2025-10-13,DIVIDEND,0.02852
LIDER,2025-12-11,DIVIDEND,0.02852
LIDER,2026-05-06,DIVIDEND,0.035651
LIDER,2026-07-08,DIVIDEND,0.035651
LIDER,2026-09-08,DIVIDEND,0.035651
LIDER,2023-12-08,SPLIT,2.5
LIDER,2025-10-15,SPLIT,5.0
LILAK,2024-08-01,DIVIDEND,0.305508
LILAK,2025-07-01,DIVIDEND,1.500007
LILAK,2026-07-06,DIVIDEND,1.525466
LINK,2026-03-16,SPLIT,41.0
LKMNH,2023-09-29,DIVIDEND,0.038194
LKMNH,2023-11-30,DIVIDEND,0.038194
LKMNH,2024-05-07,DIVIDEND,0.115741
LKMNH,2024-07-22,DIVIDEND,0.115741
LKMNH,2025-05-26,DIVIDEND,0.208333
LKMNH,2025-09-30,DIVIDEND,0.208333
LKMNH,2026-05-20,DIVIDEND,0.231481
LKMNH,2024-09-18,SPLIT,6.0
LMKDC,2025-05-15,DIVIDEND,1.0
LMKDC,2026-06-02,DIVIDEND,2.0
LOGO,2024-06-12,DIVIDEND,4.0
LOGO,2025-06-12,DIVIDEND,5.263158
LOGO,2026-06-15,DIVIDEND,5.263158
MACKO,2024-05-06,DIVIDEND,1.5225
MACKO,2024-10-02,DIVIDEND,0.45
MACKO,2025-06-02,DIVIDEND,0.55
MACKO,2025-09-24,DIVIDEND,0.55
MACKO,2026-06-01,DIVIDEND,2.7
MACKO,2026-09-22,DIVIDEND,1.8
MACKO,2025-04-15,SPLIT,4.0
MAGEN,2023-11-29,SPLIT,3.6110438
MAGEN,2025-09-30,SPLIT,2.5
MAKIM,2023-10-18,DIVIDEND,0.082857
MAKIM,2024-03-26,SPLIT,2.0
MARBL,2024-06-10,DIVIDEND,0.055804
MAVI,2024-05-06,DIVIDEND,1.063476
MAVI,2025-05-26,DIVIDEND,1.17202
MAVI,2026-05-06,DIVIDEND,1.673042
MAVI,2024-03-19,SPLIT,2.0
MAVI,2025-04-24,SPLIT,2.0
MCARD,2026-05-13,DIVIDEND,5.399568
MEDTR,2024-10-23,DIVIDEND,0.294118
MEDTR,2025-07-28,DIVIDEND,0.084034
MEDTR,2025-10-27,DIVIDEND,0.084034
MEDTR,2025-12-31,DIVIDEND,0.084034
MEDTR,2026-07-29,DIVIDEND,0.113445
MEGMT,2026-09-21,SPLIT,9.6
MEKAG,2025-08-14,SPLIT,12.8
MERCN,2024-07-17,DIVIDEND,0.069985
MERCN,2025-06-02,DIVIDEND,0.052529
MERCN,2026-07-28,DIVIDEND,0.210116
MERCN,2023-09-29,SPLIT,3.0
MERIT,2023-06-15,DIVIDEND,0.083333
MERIT,2024-07-08,DIVIDEND,0.083333
MERIT,2025-06-16,DIVIDEND,0.14
MERIT,2024-12-10,SPLIT,12.0
MERKO,2026-05-05,SPLIT,7.383383
MEYSU,2026-07-07,DIVIDEND,0.05
MGROS,2024-05-27,DIVIDEND,6.904009
MGROS,2024-11-13,DIVIDEND,2.872068
MGROS,2025-05-28,DIVIDEND,6.904009
MGROS,2025-11-12,DIVIDEND,3.590085
MGROS,2026-05-13,DIVIDEND,4.556646
MHRGY,2025-07-01,DIVIDEND,0.022222
MHRGY,2026-06-24,DIVIDEND,0.045397
MHRGY,2025-09-15,SPLIT,1.5
MHRGY,2026-09-08,SPLIT,1.5
MIATK,2023-11-20,SPLIT,13.0
MOPAS,2026-07-31,DIVIDEND,0.274725
MOPAS,2026-09-25,DIVIDEND,0.274725
MRGYO,2024-03-25,SPLIT,1.14
MRGYO,2024-12-20,SPLIT,2.9
MSGYO,2023-07-19,DIVIDEND,0.136951
MSGYO,2024-10-22,DIVIDEND,0.070856
MSGYO,2025-01-22,DIVIDEND,0.070856
MSGYO,2025-03-18,DIVIDEND,0.070856
MSGYO,2025-10-22,DIVIDEND,0.14729
MSGYO,2026-04-28,DIVIDEND,0.425742
MSGYO,2025-03-21,SPLIT,3.5
MTRKS,2023-09-29,DIVIDEND,0.099502
MTRKS,2024-08-27,DIVIDEND,0.199005
MTRKS,2025-08-27,DIVIDEND,0.124378
MTRKS,2026-05-15,DIVIDEND,0.199051
MTRKS,2024-01-17,SPLIT,1.5
MTRKS,2024-11-28,SPLIT,2.5
NATEN,2023-11-29,SPLIT,7.8539305
NATEN,2025-08-26,SPLIT,5.0
NETCD,2026-04-30,DIVIDEND,4.379562
NIBAS,2025-12-15,SPLIT,6.0
NTGAZ,2024-05-07,DIVIDEND,0.463768
NTGAZ,2025-04-28,DIVIDEND,0.57971
NTGAZ,2026-05-06,DIVIDEND,0.869565
NTGAZ,2023-08-23,SPLIT,2.0
NTGAZ,2024-07-25,SPLIT,3.0
NUHCM,2023-12-05,DIVIDEND,1.0
NUHCM,2024-02-27,DIVIDEND,6.0
NUHCM,2025-01-06,DIVIDEND,2.9
NUHCM,2025-03-25,DIVIDEND,10.1
NUHCM,2026-03-17,DIVIDEND,22.5
OBAMS,2024-10-15,DIVIDEND,0.107248
OBAMS,2025-12-22,DIVIDEND,0.034916
OBAMS,2025-12-01,SPLIT,6.0
OFSYM,2025-09-30,DIVIDEND,0.417903
OFSYM,2025-11-25,DIVIDEND,0.417903
OFSYM,2026-09-23,DIVIDEND,0.420806
ONCSM,2023-11-08,DIVIDEND,0.414928
ONRYT,2026-09-14,SPLIT,4.0
ORCAY,2023-10-26,DIVIDEND,0.074707
ORGE,2026-08-19,SPLIT,5.0
OSTIM,2025-03-18,SPLIT,3.7480066
OSTIM,2026-06-24,SPLIT,1.35
OTKAR,2024-04-03,DIVIDEND,6.0
OYAKC,2025-10-30,DIVIDEND,1.0
OYAKC,2024-12-05,SPLIT,3.9
OZGYO,2026-05-12,DIVIDEND,0.01675
OZGYO,2025-09-12,SPLIT,2.6
OZGYO,2025-12-30,SPLIT,1.5384615
OZKGY,2026-06-24,DIVIDEND,0.1987
OZKGY,2023-07-26,SPLIT,2.0
OZRDN,2024-10-01,SPLIT,3.5
OZSUB,2023-07-03,DIVIDEND,0.024856
OZSUB,2023-09-29,DIVIDEND,0.033141
OZSUB,2023-10-31,DIVIDEND,0.041426
OZSUB,2023-11-30,DIVIDEND,0.033141
OZSUB,2023-12-29,DIVIDEND,0.033141
OZSUB,2026-07-06,DIVIDEND,0.616667
OZSUB,2025-04-15,SPLIT,2.0
OZYSR,2026-04-24,SPLIT,4.1
PAGYO,2023-09-21,DIVIDEND,0.3516
PAGYO,2023-12-21,DIVIDEND,0.3516
PAGYO,2024-07-10,DIVIDEND,2.3
PAGYO,2024-12-24,DIVIDEND,0.5639
PAGYO,2025-04-30,DIVIDEND,2.8
PAGYO,2025-05-28,DIVIDEND,0.8
PAGYO,2025-06-25,DIVIDEND,0.8
PAGYO,2025-07-23,DIVIDEND,0.662245
PAGYO,2026-05-11,DIVIDEND,5.7545
PAPIL,2023-08-09,DIVIDEND,0.009697
PAPIL,2024-07-17,DIVIDEND,0.009697
PAPIL,2024-11-27,SPLIT,6.0
PASEU,2024-10-09,SPLIT,4.0
PATEK,2025-06-04,SPLIT,4.477612
PCILT,2024-10-30,DIVIDEND,0.844951
PCILT,2025-09-30,DIVIDEND,0.844951
PCILT,2026-08-10,DIVIDEND,2.534854
PCILT,2024-01-23,SPLIT,2.63
PEKGY,2024-12-09,SPLIT,3.7322693
PETUN,2024-06-24,DIVIDEND,0.32
PETUN,2026-05-20,DIVIDEND,0.245
PETUN,2026-09-21,DIVIDEND,0.245
PETUN,2024-08-28,SPLIT,7.0
PGSUS,2024-05-14,SPLIT,4.8875995
PINSU,2024-08-28,SPLIT,3.0
PLTUR,2023-10-10,DIVIDEND,0.07191
PLTUR,2024-09-10,DIVIDEND,0.059857
PLTUR,2025-10-15,DIVIDEND,0.37998
PLTUR,2025-11-13,DIVIDEND,0.37998
PLTUR,2026-08-17,DIVIDEND,0.608784
PLTUR,2026-09-10,DIVIDEND,0.608784
PNLSN,2023-08-03,DIVIDEND,0.55687
PNLSN,2024-07-18,DIVIDEND,0.773687
PNLSN,2025-09-03,DIVIDEND,0.175576
PNLSN,2026-07-08,DIVIDEND,0.68795
PNSUT,2024-08-28,SPLIT,7.0
POLHO,2024-04-30,DIVIDEND,0.023842
POLHO,2025-06-24,SPLIT,4.976633
POLTK,2023-08-23,DIVIDEND,0.8
PRKME,2023-10-03,DIVIDEND,1.141957
PRKME,2024-07-23,DIVIDEND,1.343479
PRZMA,2024-11-27,SPLIT,3.0
PSDTC,2025-12-22,DIVIDEND,1.712738
PSGYO,2023-12-27,DIVIDEND,0.010417
PSGYO,2024-12-27,DIVIDEND,0.020833
PSGYO,2025-12-29,DIVIDEND,0.011271
PSGYO,2026-06-26,DIVIDEND,0.01019
PSGYO,2023-09-04,SPLIT,1.5415523999999998
PSGYO,2024-07-19,SPLIT,2.9268292000000002
QUAGR,2023-07-10,SPLIT,11.0
RALYH,2025-03-19,SPLIT,5.2857140000000005
RGYAS,2025-12-18,DIVIDEND,1.639386
RNPOL,2026-02-26,SPLIT,20.0
RODRG,2024-07-26,SPLIT,4.0
RTALB,2025-03-19,SPLIT,5.0
RYGYO,2024-07-24,SPLIT,4.0
RYSAS,2024-09-18,SPLIT,4.0
SAFKR,2025-09-11,SPLIT,5.6737585
SAHOL,2024-05-02,DIVIDEND,2.943
SAHOL,2025-04-02,DIVIDEND,3.0
SAHOL,2026-04-01,DIVIDEND,1.41356
SAMAT,2025-09-17,SPLIT,3.0710382
SANFM,2023-07-31,DIVIDEND,0.008
SANFM,2024-10-15,DIVIDEND,0.008
SANFM,2025-07-31,DIVIDEND,0.02
SANFM,2025-10-31,DIVIDEND,0.02
SANFM,2024-08-20,SPLIT,5.0
SANFM,2025-09-29,SPLIT,2.5
SANKO,2023-07-28,DIVIDEND,0.7
SANKO,2023-09-21,SPLIT,1.4285714999999999
SARKY,2023-06-12,DIVIDEND,0.1
SARKY,2024-06-07,DIVIDEND,0.222222
SARKY,2025-04-25,DIVIDEND,0.247059
SARKY,2026-05-18,DIVIDEND,0.352941
SARKY,2023-06-26,SPLIT,1.25
SARKY,2024-08-20,SPLIT,1.2
SARKY,2025-09-10,SPLIT,1.6666666
SASA,2024-08-12,SPLIT,8.0
SDTTR,2023-06-16,DIVIDEND,0.035195
SDTTR,2023-10-27,DIVIDEND,0.035195
SDTTR,2023-11-24,DIVIDEND,0.035195
SDTTR,2024-08-13,DIVIDEND,0.076524
SDTTR,2024-11-25,DIVIDEND,0.076524
SDTTR,2024-12-23,DIVIDEND,0.051016
SDTTR,2025-11-24,DIVIDEND,0.007774
SDTTR,2025-12-24,DIVIDEND,0.007774
SDTTR,2026-08-27,SPLIT,11.0
SEGMN,2025-04-03,DIVIDEND,0.612745
SEKUR,2025-11-20,SPLIT,2.5
SELEC,2024-04-18,DIVIDEND,0.25
SELEC,2025-04-17,DIVIDEND,0.4
SELEC,2026-04-17,DIVIDEND,0.44
SELVA,2025-03-19,SPLIT,6.0
SEYKM,2023-07-26,SPLIT,1.6949152
SILVR,2025-09-26,SPLIT,7.777778
SISE,2024-05-31,DIVIDEND,0.7182
SISE,2025-05-30,DIVIDEND,0.652909
SISE,2026-06-01,DIVIDEND,0.587618
SMRTG,2023-07-26,SPLIT,1.98
SMRTG,2026-01-29,SPLIT,3.0
SNGYO,2024-12-09,SPLIT,2.6666665999999997
SNICA,2024-05-21,SPLIT,4.4444443
SNPAM,2025-07-29,SPLIT,2.0
SODSN,2026-01-29,SPLIT,8.0
SOKM,2023-08-22,DIVIDEND,0.505655
SOKM,2024-07-01,DIVIDEND,1.685516
SOKM,2024-10-01,DIVIDEND,0.842758
SONME,2023-07-10,DIVIDEND,0.081081
SONME,2023-12-27,DIVIDEND,0.081081
SONME,2025-08-26,DIVIDEND,0.662162
SRVGY,2026-06-25,DIVIDEND,0.076923
SRVGY,2025-03-14,SPLIT,62.5
SUMAS,2025-05-28,DIVIDEND,2.008226
SUNTK,2023-07-12,DIVIDEND,0.183842
SUNTK,2024-10-07,DIVIDEND,0.431205
SUNTK,2025-11-05,DIVIDEND,1.094118
SUNTK,2023-11-02,SPLIT,3.5
SUWEN,2023-07-31,DIVIDEND,0.05
SUWEN,2024-08-12,DIVIDEND,0.1
SUWEN,2025-08-12,DIVIDEND,0.125
SUWEN,2026-08-31,DIVIDEND,0.178571
SUWEN,2023-07-18,SPLIT,4.0
SUWEN,2025-04-15,SPLIT,2.5
SVGYO,2026-06-23,DIVIDEND,0.0077
TABGD,2024-07-08,DIVIDEND,0.560675
TABGD,2025-06-25,DIVIDEND,3.5
TABGD,2026-06-04,DIVIDEND,5.0
TATEN,2025-11-11,SPLIT,4.0
TAVHL,2026-07-21,DIVIDEND,1.80499
TAVHL,2026-09-22,DIVIDEND,1.80499
TBORG,2024-08-06,DIVIDEND,3.410765
TBORG,2025-08-12,DIVIDEND,7.988371
TBORG,2026-09-02,DIVIDEND,9.520916
TCELL,2023-12-20,DIVIDEND,1.027273
TCELL,2024-12-05,DIVIDEND,2.853181
TCELL,2025-06-20,DIVIDEND,1.818182
TCELL,2025-12-26,DIVIDEND,1.818182
TEHOL,2024-08-28,SPLIT,7.0
TEZOL,2024-07-24,DIVIDEND,0.07
TEZOL,2025-05-09,DIVIDEND,0.1
TEZOL,2026-05-12,DIVIDEND,0.45
TEZOL,2023-07-12,SPLIT,2.0
TEZOL,2024-12-11,SPLIT,1.1363636
TGSAS,2024-05-31,DIVIDEND,0.3
TGSAS,2025-05-27,DIVIDEND,1.0
TGSAS,2026-08-25,DIVIDEND,0.3
THYAO,2025-06-16,DIVIDEND,3.442029
THYAO,2025-09-02,DIVIDEND,3.442029
TKFEN,2025-12-31,DIVIDEND,0.331853
TNZTP,2023-06-19,DIVIDEND,0.09058
TNZTP,2025-03-06,SPLIT,763587.12
TNZTP,2025-09-11,SPLIT,1.8306711000000002
TOASO,2024-04-04,DIVIDEND,20.0
TOASO,2025-04-03,DIVIDEND,12.0
TOASO,2026-03-23,DIVIDEND,20.0
TRALT,2023-07-14,DIVIDEND,0.4
TRCAS,2024-12-25,DIVIDEND,0.567293
TRCAS,2025-06-30,DIVIDEND,0.782473
TRCAS,2025-10-17,DIVIDEND,1.060334
TRCAS,2026-05-13,DIVIDEND,2.347418
TRGYO,2024-07-22,DIVIDEND,2.35
TRGYO,2025-06-04,DIVIDEND,3.5
TRGYO,2026-05-21,DIVIDEND,5.0
TRILC,2026-04-27,SPLIT,6.408949
TTRAK,2024-04-01,DIVIDEND,62.957897
TTRAK,2024-11-08,DIVIDEND,26.981956
TTRAK,2025-04-02,DIVIDEND,48.467587
TTRAK,2023-06-06,SPLIT,1.875
TUCLK,2024-02-08,SPLIT,6.0
TUKAS,2023-07-11,SPLIT,3.0
TUKAS,2025-02-04,SPLIT,3.0564215000000003
TUPRS,2023-09-29,DIVIDEND,15.050896
TUPRS,2024-04-03,DIVIDEND,10.379928
TUPRS,2024-09-27,DIVIDEND,11.936917
TUPRS,2025-03-28,DIVIDEND,7.784946
TUPRS,2025-09-30,DIVIDEND,7.421649
TUPRS,2026-03-16,DIVIDEND,10.379928
TUREX,2025-04-03,SPLIT,10.0
TURGG,2025-08-28,SPLIT,18.0
ULKER,2025-06-19,DIVIDEND,8.069848
ULKER,2026-06-19,DIVIDEND,5.732842
ULUUN,2024-08-06,SPLIT,3.9273184
USAK,2025-02-07,SPLIT,5.0
VAKKO,2024-06-04,DIVIDEND,2.5
VAKKO,2025-04-15,DIVIDEND,4.0
VAKKO,2026-04-14,DIVIDEND,6.25
VBTYZ,2024-02-15,SPLIT,4.5
VERUS,2023-08-21,DIVIDEND,0.05
VERUS,2024-11-20,DIVIDEND,0.25
VESBE,2023-07-31,DIVIDEND,0.220517
VESBE,2024-07-25,DIVIDEND,0.725926
VESBE,2025-07-24,DIVIDEND,0.043899
VKGYO,2026-06-24,DIVIDEND,0.08
VKGYO,2023-09-26,SPLIT,1.8363424
VKGYO,2024-09-16,SPLIT,1.1694915000000001
VKGYO,2026-08-10,SPLIT,1.2753623
VRGYO,2024-07-17,SPLIT,4.0
VSNMD,2025-12-01,DIVIDEND,0.251365
VSNMD,2026-08-11,SPLIT,1.55
YAPRK,2024-07-24,DIVIDEND,0.104762
YAPRK,2025-07-01,DIVIDEND,0.019048
YAPRK,2026-06-10,DIVIDEND,0.025
YAPRK,2026-02-27,SPLIT,21.0
YATAS,2023-09-18,DIVIDEND,1.335123
YBTAS,2025-09-10,SPLIT,3000.0
YEOTK,2024-11-28,SPLIT,3.1420019999999997
YEOTK,2026-07-31,SPLIT,2.3380281
YGGYO,2024-07-09,DIVIDEND,3.11
YGGYO,2025-04-15,DIVIDEND,7.0
YGGYO,2026-04-07,DIVIDEND,10.55
YKSLN,2023-10-17,DIVIDEND,0.029139
YKSLN,2024-07-26,SPLIT,2.0
YONGA,2023-08-25,DIVIDEND,0.255555
YUNSA,2024-05-30,DIVIDEND,0.493201
YUNSA,2025-04-28,DIVIDEND,0.038208
YUNSA,2026-04-27,DIVIDEND,0.365475
YUNSA,2023-08-02,SPLIT,2.057613
YUNSA,2024-08-07,SPLIT,8.0
YYAPI,2024-12-17,SPLIT,2.65
YYLGD,2023-08-31,DIVIDEND,0.147197
YYLGD,2023-08-11,SPLIT,2.3
ZEDUR,2024-05-24,SPLIT,6.99
ZRGYO,2023-09-27,DIVIDEND,0.004906
ZRGYO,2024-09-26,DIVIDEND,0.041836
ZRGYO,2025-09-26,DIVIDEND,0.061062
ZRGYO,2026-06-25,DIVIDEND,0.09295
